deal_id,candidate_id,restaurant_id,restaurant_name,deal_title,deal_description,public_title,public_description,deal_type,alcohol_classification,days_available,start_time,end_time,start_date,end_date,recurrence,price,discount,minimum_purchase,dine_in,takeout,delivery,happy_hour,source_id,source_capture_id,source_check_id,direct_confirmation_id,source_tier,source_url,source_name,evidence_type,evidence_captured_at,evidence_url_or_path,archive_url_or_path,screenshot_path,source_quote,evidence_summary,content_hash,last_seen_active,last_verified_at,expires_on,next_check_due,confidence_status,workflow_status,mvp_publish_eligible,publish_block_reason,location_scope_status,location_evidence,review_task_id,review_reason,assigned_reviewer,review_decision,decision_reason,reviewed_by,reviewed_at,public_copy_approved,restriction_notes,uncertainty_flags,conflict_detected,conflicting_source_url,validation_notes,added_by,created_at,updated_at,published_at,hidden_at,supersedes_deal_id
,forkcast-cand-20260705-001,capt-n-bill-s-backyard-grill-bill-s-brewing,Capt'n Bill's Backyard Grill / Bill's Brewing,APPy Hour small plates,"APPy Hour 3-5PM with $0.50 wings, $3 chips & salsa, and $6 fried pickle or pepper baskets. Weekend sandwich items from prior research were not reverified in the fetched source.",APPy Hour at Bill's,"$0.50 wings, $3 chips & salsa, and $6 fried pickle or pepper baskets during APPy Hour. Human review required before publishing because recurrence is unresolved.",happy_hour,food,,15:00,17:00,,,recurrence_unconfirmed,$0.50 wings; $3 chips & salsa; $6 fried pickle or pepper baskets,,,,,,true,source:capt-n-bill-s-backyard-grill-bill-s-brewing:20260705,,,,tier_2_official_social,https://www.facebook.com/captnbills/photos/1703370964385362/,Capt'n Bill's Backyard Grill official Facebook,official_social_text,2026-07-05,https://www.facebook.com/captnbills/photos/1703370964385362/,,,APPy hour from 3-5PM featuring …. $0.50 Wings (6 or 12) $3 Chips & Salsa $6 Fried Pickle OR Pepper Baskets We'll see you at Bill's!,Official Facebook/Instagram text confirms APPy Hour item prices and 3-5PM window; official Toast/menu confirms restaurant and location but not recurrence.,0059b56782e97fb7ede925a581f8b6b95df9c8396077d78c6d3589d6534cf73d,2026-07-05,2026-07-05,,,probable,needs_review,false,recurrence_unconfirmed_human_review_required,in_scope_single_location,"Official Toast/source pages list Capt'n Bill's Backyard Grill at 4240 Market St, Wilmington, NC.",review-forkcast-20260705-001,AI intake conversion only; human reviewer must capture/review source evidence before any approval.,,,,,,false,Weekend pulled pork/Jammin BLT items from provided candidate were not reverified in fetched official source.,recurrence_not_confirmed;official_social_only;candidate_weekend_items_not_reverified,true,https://www.instagram.com/reel/DChvX3ivoc1/,"A related official Instagram reel snippet included 'today only', so do not treat APPy Hour as recurring without human review.",gpt-intake-conversion-2026-07-05,2026-07-05,2026-07-05,,,
,forkcast-cand-20260705-002,c-street-mexican-grill,C-Street Mexican Grill,Kid Tuesday,Kids eat free every Tuesday after 4PM with purchase of an adult entrée.,Kids Eat Free Tuesday,Kids eat free on Tuesdays after 4PM with an adult entrée purchase. Human review required before publishing.,weekly_special,food,Tuesday,16:00,,,,weekly,kids eat free,free kids meal,adult entrée purchase,,,,false,source:c-street-mexican-grill:20260705,,,,tier_2_official_social,https://www.facebook.com/cstreetmexicangrill/posts/-kids-eat-free-today-after-4-pm-bring-the-family-enjoy-fresh-mexican-favorites-a/1584459159924738/,C-Street Mexican Grill official Facebook,official_social_text,2026-07-05,https://www.facebook.com/cstreetmexicangrill/posts/-kids-eat-free-today-after-4-pm-bring-the-family-enjoy-fresh-mexican-favorites-a/1584459159924738/,,,"Kids eat FREE today after 4 PM! Bring the family, enjoy fresh Mexican favorites, and make Tuesday night delicious.",Official Facebook/Instagram text confirms the kids-eat-free Tuesday offer after 4PM with adult entree purchase.,565b0a2c7b53bfe055230aca1748f35d34c6ccb3173ac164580d4fc85b04970f,2026-07-05,2026-07-05,,,probable,needs_review,false,official_social_only_human_review_required,in_scope_single_location,"Official social page identifies C-Street Mexican Grill in Wilmington, NC.",review-forkcast-20260705-002,AI intake conversion only; human reviewer must capture/review source evidence before any approval.,,,,,,false,Requires adult entrée purchase.,official_social_only;exact_end_time_not_stated,false,,Search result snippets also state 'Every Tuesday! Kids eat FREE after 4 PM with an adult entrée.',gpt-intake-conversion-2026-07-05,2026-07-05,2026-07-05,,,
,forkcast-cand-20260705-003,bonita-latin-fusion-and-cocktails,Bonita Latin Fusion & Cocktails,Weekday birria specials,Official Toast currently confirms Weekday Specials category items: $10 Birria Ramen and $10 Birria Tacos. Provided 50% sushi and 3-for-$10 day mapping was not confirmed in the fetched official source.,$10 Birria Weekday Specials,$10 birria ramen and tacos are listed under Bonita's Weekday Specials. Human review required for day mapping and other candidate offers.,weekday_special,food,weekdays,,,,,weekday,$10,,,,,,,source:bonita-latin-fusion-and-cocktails:20260705,,,,tier_1_official,https://www.toasttab.com/local/order/bonita-latin-fusion-cocktails-5-brunswick-st,Bonita Latin Fusion & Cocktails official Toast,toast_ordering_page,2026-07-05,https://www.toasttab.com/local/order/bonita-latin-fusion-cocktails-5-brunswick-st,,,### Weekday Specials $10 Birria Ramen $10.00 $10 Birria Tacos $10.00,Official Toast confirms a Weekday Specials category with $10 birria ramen and $10 birria tacos.,3dfb2b53ed7e6eaa02db2143d7bc5019e0daf420e2f934d546f36f58a40b1cff,2026-07-05,2026-07-05,,,probable,needs_review,false,day_mapping_and_candidate_offer_conflict_human_review_required,in_scope_single_location,"Official Toast/source lists Bonita Latin Fusion & Cocktails at 5 Brunswick St, Wilmington, NC.",review-forkcast-20260705-003,AI intake conversion only; human reviewer must capture/review source evidence before any approval.,,,,,,false,Do not include unconfirmed 50% sushi or 3-for-$10 items in public copy without visual/manual review.,day_mapping_not_confirmed;provided_50_percent_sushi_not_confirmed;provided_3_for_10_not_confirmed,true,https://www.toasttab.com/local/order/bonita-latin-fusion-cocktails-5-brunswick-st,The fetched official Toast source did not show the provided 50% sushi or 3-for-$10 mini arepita/taco/tostones mapping.,gpt-intake-conversion-2026-07-05,2026-07-05,2026-07-05,,,
,forkcast-cand-20260705-004,commodore-public-house-and-kitchen,Commodore Public House & Kitchen,Commissary Tuesdays sandwiches,Commissary Tuesdays: all sandwiches $12 with choice of fries.,$12 Sandwiches Tuesday,All sandwiches are $12 with your choice of fries on Commissary Tuesdays. Human review required before publishing.,weekly_special,food,Tuesday,,,,,weekly,$12,,,,,,,source:commodore-public-house-and-kitchen:20260705,,,,tier_2_official_social,https://www.facebook.com/commodoreilm/posts/commissary-tuesdaysall-sandwiches-only-12-with-your-choice-of-fries-including-th/1487092286762643/,Commodore Public House & Kitchen official Facebook,official_social_text,2026-07-05,https://www.facebook.com/commodoreilm/posts/commissary-tuesdaysall-sandwiches-only-12-with-your-choice-of-fries-including-th/1487092286762643/,,,Commissary Tuesdays. All sandwiches only $12 with your choice of fries.,Official Instagram/Facebook text confirms the Tuesday sandwich special and price.,3162a9badb692f381ab79a4c4f1615eed1653d0d872b4670affcbcb622c2e825,2026-07-05,2026-07-05,,,probable,needs_review,false,official_social_only_human_review_required,in_scope_single_location,"Official website/social identify Commodore Public House & Kitchen in Wilmington, NC.",review-forkcast-20260705-004,AI intake conversion only; human reviewer must capture/review source evidence before any approval.,,,,,,false,Exact start/end time not stated in fetched source.,exact_time_not_stated;official_social_only,false,,No exact time was stated in the fetched official social source.,gpt-intake-conversion-2026-07-05,2026-07-05,2026-07-05,,,
,forkcast-cand-20260705-005,1504-resto-bar-and-restaurant,1504 Resto Bar & Restaurant,Webo Wednesday $1 wings,Webo Wednesday at 1504 Resto Bar: $1 wings all night. Drink specials in the same source were excluded from food-deal framing.,$1 Wings Wednesday,$1 wings all night on Webo Wednesday. Human review required before publishing.,weekly_special,food,Wednesday,,,,,weekly,$1 wings,,,,,,false,source:1504-resto-bar-and-restaurant:20260705,,,,tier_2_official_social,https://www.instagram.com/reel/DSFZ3_8iRYG/,1504 Resto Bar official Instagram,official_social_text,2026-07-05,https://www.instagram.com/reel/DSFZ3_8iRYG/,,,"WEBO WEDNESDAY at 1504 Resto Bar! $1 Wings ALL NIGHT — Mumbo, Kickin' Honey, BBQ, Garlic Parm & more! $5 Lunazul • Titos • Jack Daniels",Official Instagram/Facebook text confirms $1 Wings all night on Webo Wednesday.,231e30e6d71000eccd2ea2dd0a47efa023018f9b0bfcc92778435ab85437c7cf,2026-07-05,2026-07-05,,,probable,needs_review,false,official_social_only_human_review_required,in_scope_single_location,"Official social text references 2206 Carolina Beach Rd / Wilmington, NC.",review-forkcast-20260705-005,AI intake conversion only; human reviewer must capture/review source evidence before any approval.,,,,,,false,Alcohol/drink specials from source quote excluded from public food description.,official_social_only;exact_start_end_time_all_night_only,false,,Food component only captured; do not publish alcohol components in food feed.,gpt-intake-conversion-2026-07-05,2026-07-05,2026-07-05,,,
,forkcast-cand-20260705-006,banh-sai-cargo-district,Banh Sai Cargo District,Specials menu items,Official Toast currently lists a Specials! category including The Kano for $14; Sweet Heat Wings were listed out of stock in the fetched source. Social posts showed conflicting wing prices/recurrence.,Banh Sai Specials,"Official ordering page lists special menu items, but human review is required because some items are out of stock and recurrence is unclear.",menu_special,food,,,,,,recurrence_unconfirmed,$14; $15 item shown out of stock,,,,,,,source:banh-sai-cargo-district:20260705,,,,tier_1_official,https://www.toasttab.com/local/order/banh-sai-cargo-district-2162-wrightsville-avenue,Banh Sai Cargo District official Toast,toast_ordering_page,2026-07-05,https://www.toasttab.com/local/order/banh-sai-cargo-district-2162-wrightsville-avenue,,,"### Specials! * Sweet Heat Wings 10 wings tossed in our sweet heat sauce topped with sesame seeds, green onion, and togarashi served with ranch OUT OF STOCK $15.00 * The Kano Pork Katsu sando with kimchi pimento cheese, hot honey, pickled jalapenos, and Banh Sai aioli on a toasted brioche bun $14.00",Official Toast confirms the Specials! category and item pricing; at least one candidate item was out of stock.,5c90eb9908a1aafbe56fba883ed403f3ee0603e68a67325986a22b8b35f2865a,2026-07-05,2026-07-05,,,probable,needs_review,false,recurrence_unconfirmed_and_stock_status_human_review_required,in_scope_single_location,"Official Toast/source lists Banh Sai Cargo District at 2162 Wrightsville Avenue, Wilmington, NC.",review-forkcast-20260705-006,AI intake conversion only; human reviewer must capture/review source evidence before any approval.,,,,,,false,Do not present out-of-stock Sweet Heat Wings as currently available.,recurrence_not_confirmed;sweet_heat_wings_out_of_stock;social_price_conflict,true,https://www.instagram.com/banhsai/,"Official social snippets referenced Wing Wednesday at $17/$18, while Toast listed Sweet Heat Wings at $15 out of stock.",gpt-intake-conversion-2026-07-05,2026-07-05,2026-07-05,,,
,forkcast-cand-20260705-007,farfalla,Farfalla,$5 bar snacks,Farfalla happy hour/bar snack offer: $5 bar snacks Wednesday through Saturday from 5PM to 7PM.,$5 Bar Snacks,$5 bar snacks Wednesday through Saturday from 5PM to 7PM. Human review still required before publication.,happy_hour,food,Wednesday-Saturday,17:00,19:00,,,weekly,$5,,,,,,true,source:farfalla:20260705,,,,tier_1_official,https://www.wearetrueblue.com/farfalla,Farfalla / True Blue official site,webpage_text,2026-07-05,https://www.wearetrueblue.com/farfalla,,,Visit the bar or porch to enjoy their al fresco happy hour: $5 bar snacks Wednesday through Saturday from 5-7pm!,Official Farfalla/True Blue page confirms $5 bar snacks and the Wednesday-Saturday 5-7PM window.,7d66afccd4bec79b7c585ce9bfc63426770bbf9f8ab9000f57056f9e49979be6,2026-07-05,2026-07-05,,,verified,needs_review,false,human_review_required_before_approval,in_scope_single_location,Official source identifies Farfalla in Wilmington/South Front context.,review-forkcast-20260705-007,AI intake conversion only; human reviewer must capture/review source evidence before any approval.,,,,,,false,,,false,,Tier-1 official source with exact quote fetched live; still not publish-eligible until human review.,gpt-intake-conversion-2026-07-05,2026-07-05,2026-07-05,,,
,forkcast-cand-20260705-008,the-vine,The Vine,Half-price small plates Wednesday,The Vine lists half-price small plates on Wednesday from 5PM to 9PM.,Half-Price Small Plates,Half-price small plates Wednesday from 5PM to 9PM. Human review required before publishing.,weekly_special,food,Wednesday,17:00,21:00,,,weekly,,1/2 price small plates,,,,,,source:the-vine:20260705,,,,tier_1_official,https://www.thevinewilmington.com/,The Vine official website,webpage_text,2026-07-05,https://www.thevinewilmington.com/,,,1/2 Price Small Plates Wednesday. 5pm - 9pm.,Official website confirms half-price small plates on Wednesdays from 5-9PM.,c5609f332269599e93c04e021a06f8d39ed7a7bc0469af3c3090352480b3ae35,2026-07-05,2026-07-05,,,verified,needs_review,false,human_review_required_before_approval,in_scope_single_location,"Official website identifies The Vine in Wilmington, NC.",review-forkcast-20260705-008,AI intake conversion only; human reviewer must capture/review source evidence before any approval.,,,,,,false,,,false,,Tier-1 official source with exact quote fetched live; still not publish-eligible until human review.,gpt-intake-conversion-2026-07-05,2026-07-05,2026-07-05,,,
,forkcast-cand-20260705-009,seaworthy-kitchen-and-bar,Seaworthy Kitchen & Bar,Appy Hour menu,Official Instagram text shows Appy Hour lineup with $4 fish taco and related app items from 3PM to 5:30PM. Provided candidate prices differed and need review.,Seaworthy Appy Hour,Appy Hour food items are shown in official social text. Human review required because prices/window differed from earlier candidate data.,happy_hour,food,,15:00,17:30,,,recurrence_unconfirmed,$4+,,,,,,true,source:seaworthy-kitchen-and-bar:20260705,,,,tier_2_official_social,https://www.instagram.com/p/DRAhcgqEmLE/,Seaworthy Kitchen & Bar official Instagram,official_social_text,2026-07-05,https://www.instagram.com/p/DRAhcgqEmLE/,,,Introducing our “Appy Hour” Lineup… Seaworthy KITCHEN + BAR HAPPY HOUR APP MENU $4 Fish Taco $4 ... Catch us from 3-5:30 pm.,"Official Instagram search result text confirms an Appy Hour menu and 3-5:30PM window, but full item list/prices require visual capture.",6822c6bece8459372eca956cb3375a85a5a778fa3f442832030007014fa24b35,2026-07-05,2026-07-05,,,probable,needs_review,false,official_social_visual_detail_needed_human_review_required,in_scope_single_location,"Official site/social identify Seaworthy Kitchen & Bar in Carolina Beach, NC.",review-forkcast-20260705-009,AI intake conversion only; human reviewer must capture/review source evidence before any approval.,,,,,,false,Provided candidate listed $4/$5/$6 pricing and 3-5PM; fetched official social snippet showed 3-5:30PM and partial $4 menu.,full_menu_requires_visual_capture;price_conflict;recurrence_not_confirmed,true,https://www.instagram.com/p/DRAhcgqEmLE/,Do not publish candidate's prior full item/price list until official social image/story is captured and reviewed.,gpt-intake-conversion-2026-07-05,2026-07-05,2026-07-05,,,
,forkcast-cand-20260705-010,havana-s-restaurant,Havana's Restaurant,Sunday Funday bison burger,Official social text advertises Sunday Funday with $10 bison burgers.,$10 Bison Burger Sunday,$10 bison burgers on Sunday Funday. Human review required before publishing.,weekly_special,food,Sunday,,,,,weekly,$10,,,,,,,source:havana-s-restaurant:20260705,,,,tier_2_official_social,https://www.instagram.com/p/DVWJi5ckwzF/,Havana's Restaurant official Instagram,official_social_text,2026-07-05,https://www.instagram.com/p/DVWJi5ckwzF/,,,"Sunday Funday starts at Havana's Restaurant $10 Bison Burgers – big flavor, bold bites $5 Draft Beer – the perfect pairing, ...",Official Instagram text confirms Sunday Funday $10 bison burgers; official menu confirms bison burger as a menu item.,1a56c64c5dc96054e1c69e24275c2305dd555e22f67e87b324086fe25e304d88,2026-07-05,2026-07-05,,,probable,needs_review,false,official_social_only_human_review_required,in_scope_single_location,"Official website/social identify Havana's Restaurant in Carolina Beach, NC.",review-forkcast-20260705-010,AI intake conversion only; human reviewer must capture/review source evidence before any approval.,,,,,,false,Alcohol component in source quote excluded from public food description.,official_social_only;exact_time_not_stated,false,,Official website confirms the bison burger menu item but not the $10 Sunday deal.,gpt-intake-conversion-2026-07-05,2026-07-05,2026-07-05,,,
,forkcast-cand-20260705-011,lazy-pirate-sports-grill-and-axe-throwing,Lazy Pirate Sports Grill and Axe Throwing,AYCE crab legs,Official social text says AYCE crab legs every day from 4PM to 8PM at market price.,AYCE Crab Legs,"All-you-can-eat crab legs 4PM-8PM, market price. Human review required before publishing.",daily_special,food,daily,16:00,20:00,,,daily,market price,,,,,,,source:lazy-pirate-sports-grill-and-axe-throwing:20260705,,,,tier_2_official_social,https://www.facebook.com/lazypirateislandsportsgrill/posts/whos-ready-for-a-delicious-feast-we-have-ayce-crab-legs-from-4-8pm-every-day-com/1423716099783981/,Lazy Pirate official Facebook,official_social_text,2026-07-05,https://www.facebook.com/lazypirateislandsportsgrill/posts/whos-ready-for-a-delicious-feast-we-have-ayce-crab-legs-from-4-8pm-every-day-com/1423716099783981/,,,We have AYCE Crab Legs from 4-8pm EVERY DAY! Come see how many clusters you can eat here at Lazy Pirate in Carolina Beach 🏝️ (Market Price.,Official Facebook/Instagram text confirms AYCE crab legs every day 4-8PM at market price.,8bc7403d024b930a4f61fb14dbcbda1e7323c7417c22c6a449a90b5bab062a42,2026-07-05,2026-07-05,,,probable,needs_review,false,official_social_only_market_price_human_review_required,in_scope_single_location,"Official website/social identify Lazy Pirate at 701 N Lake Park Blvd, Carolina Beach, NC.",review-forkcast-20260705-011,AI intake conversion only; human reviewer must capture/review source evidence before any approval.,,,,,,false,Market price; call-ahead/recheck recommended.,market_price_no_fixed_amount;official_social_only,false,,"Official website also references famous AYCE crab legs from 4-8PM, but market price was confirmed from official social.",gpt-intake-conversion-2026-07-05,2026-07-05,2026-07-05,,,
,forkcast-cand-20260705-012,michael-s-seafood-restaurant,Michael's Seafood Restaurant,Fish Market Special,Official menu lists Fish Market Special at $27. Rotating daily/catch detail was not confirmed in the fetched source.,Fish Market Special,Fish Market Special listed at $27. Human review required for daily fish/catch details.,menu_special,food,,,,,,rotating_or_daily_unconfirmed,$27.00,,,,,,,source:michael-s-seafood-restaurant:20260705,,,,tier_1_official,https://michaelsseafood.com/menu/,Michael's Seafood official menu,official_menu_text,2026-07-05,https://michaelsseafood.com/menu/,,,"Fish Market Special $27.00 8 oz. choice of fish, topped with your favorite seasoning and served with two sides.",Official menu/ordering source confirms Fish Market Special and price.,a00653421660ca7735b3af7b8a7b468536c4294b534a816851adc39f24a4a859,2026-07-05,2026-07-05,,,verified,needs_review,false,human_review_required_rotating_detail_unconfirmed,in_scope_single_location,"Official website identifies Michael's Seafood Restaurant in Carolina Beach, NC.",review-forkcast-20260705-012,AI intake conversion only; human reviewer must capture/review source evidence before any approval.,,,,,,false,Daily fish/rotation not captured.,daily_rotation_not_confirmed,false,,Tier-1 official source confirms item and price; does not confirm a same-day rotating special detail.,gpt-intake-conversion-2026-07-05,2026-07-05,2026-07-05,,,
,forkcast-cand-20260705-013,stoked-restaurant,Stoked Restaurant,Off-season food specials and oyster happy hour,"Official Toast lists off-season features including Wednesday Flounder Po Boy $12, Thursday French Dip $12, and $1 oyster happy hour items. Time window needs primary-source review.",Stoked Off-Season Specials,Wednesday/Thursday food specials and $1 oyster happy hour are visible in official ordering data. Human review required before publishing.,weekly_special,food,Tuesday; Wednesday; Thursday,,,,,weekly,$1 oysters; $12 food specials,,,,,,true,source:stoked-restaurant:20260705,,,,tier_1_official,https://order.toasttab.com/online/stoked-restaurant,Stoked Restaurant official Toast,toast_ordering_page,2026-07-05,https://order.toasttab.com/online/stoked-restaurant,,,OFF SEASON FEATURES ... TUESDAY FEATURE ... OYSTER HAPPY HOUR $1.00 ... WEDNESDAY SPECIALS * FLOUNDER PO BOY $12.00 ... THURSDAY FEATURES * FRENCH DIP $12.00 * OYSTER HAPPY HOUR $1.00,Official Toast confirms $1 oyster happy hour item and Wednesday/Thursday $12 food specials; social source separately referenced Tue/Thu 4-6PM oyster window.,e241afc058cc5fb118fa21c7644b49440c3f9ee9cff40ec02de538ecd17b2206,2026-07-05,2026-07-05,,,probable,needs_review,false,time_window_not_in_primary_quote_human_review_required,in_scope_single_location,"Official site/Toast identify Stoked Restaurant in Carolina Beach, NC.",review-forkcast-20260705-013,AI intake conversion only; human reviewer must capture/review source evidence before any approval.,,,,,,false,Do not use 4-6PM oyster window in public copy until official source capture is attached or reviewed.,oyster_happy_hour_time_from_secondary_official_social_not_primary_toast;some_items_out_of_stock_possible,false,,Primary official Toast source confirms items/prices; time window needs human confirmation.,gpt-intake-conversion-2026-07-05,2026-07-05,2026-07-05,,,
,forkcast-cand-20260705-014,flaming-amy-s-burrito-barn,Flaming Amy's Burrito Barn,Taco Tuesday crunchy tacos,Official social text confirms Taco Tuesday: crunchy tacos $2 each or 2 for $3 when dining in.,Taco Tuesday,Crunchy tacos are $2 each or 2 for $3 when dining in on Taco Tuesday. Human review required before publishing.,weekly_special,food,Tuesday,,,,,weekly,$2 each or 2 for $3,,dine-in required for 2-for-$3 offer,true,,,,source:flaming-amy-s-burrito-barn:20260705,,,,tier_2_official_social,https://www.facebook.com/FlamingAmys/posts/taco-tuesday-at-flaming-amys-means-2-for-3-crunchy-tacos-all-day-plus-1-pbr-draf/10159247516556718/,Flaming Amy's Burrito Barn official Facebook,official_social_text,2026-07-05,https://www.facebook.com/FlamingAmys/posts/taco-tuesday-at-flaming-amys-means-2-for-3-crunchy-tacos-all-day-plus-1-pbr-draf/10159247516556718/,,,"Taco Tuesday at Flaming Amy's means 2 for $3 crunchy tacos all day! PLUS: $1 PBR drafts at Flaming Amy's Wilmington, $3 Red Oak drafts at Flaming Amy's CB.",Official Facebook/Instagram text confirms Taco Tuesday pricing and dine-in limitation in related official posts.,70f5734cd885caa136b81556d9489395c39e4a53b90b737d64332f03635d1c7e,2026-07-05,2026-07-05,,,probable,needs_review,false,official_social_only_human_review_required,in_scope_multi_location,Official social references Flaming Amy's Wilmington and CB.,review-forkcast-20260705-014,AI intake conversion only; human reviewer must capture/review source evidence before any approval.,,,,,,false,Alcohol specials in source quote excluded; dine-in restriction applies to 2-for-$3 offer based on related official social text.,official_social_only;location_specific_terms_need_review,false,,Related official Instagram text states 'Crunchy tacos are $2 each or 2 for $3 when you dine in.',gpt-intake-conversion-2026-07-05,2026-07-05,2026-07-05,,,
,forkcast-cand-20260705-015,si-se-or-modern-mex,Si Señor Modern Mex,Wednesday quesabirria egg rolls,Fetched official Facebook source currently confirms Wednesday: 2 for $7 Quesabirra Egg Rolls. Provided Enchiladas Suizas $16 and kids Mac Cheese $2 were not confirmed; official Toast listed regular menu prices instead.,Wednesday Quesabirria Egg Rolls,2 for $7 Quesabirra Egg Rolls on Wednesday. Human review required because prior candidate details conflicted.,weekly_special,food,Wednesday,,,,,weekly,2 for $7,,,,,,,source:si-se-or-modern-mex:20260705,,,,tier_2_official_social,https://www.facebook.com/sisenormodernmex/posts/check-out-our-new-daily-specials-and-come-join-the-fiesta-tonight-margarita-mond/4313837435327291/,Si Señor Modern Mex official Facebook,official_social_text,2026-07-05,https://www.facebook.com/sisenormodernmex/posts/check-out-our-new-daily-specials-and-come-join-the-fiesta-tonight-margarita-mond/4313837435327291/,,,Wednesday: 2 for $7 Quesabirra Egg Rolls.,"Official Facebook daily-specials post confirms Wednesday 2-for-$7 Quesabirria Egg Rolls; official Toast menu showed Enchiladas Suizas and Kids Mac Cheese at regular prices, not the candidate's $16/$2.",c5c94275ab4ec7317b649ec38781f9d0d25ea24b9a020fe292a46e2c553ca6d3,2026-07-05,2026-07-05,,,probable,needs_review,false,candidate_offer_conflict_human_review_required,in_scope_single_location,Official site/Toast identify Si Señor Modern Mex in Wilmington / Porters Neck.,review-forkcast-20260705-015,AI intake conversion only; human reviewer must capture/review source evidence before any approval.,,,,,,false,Do not publish the provided Enchiladas Suizas $16 or kids Mac Cheese $2 without a current official source.,provided_candidate_offer_not_confirmed;official_social_only,true,https://order.toasttab.com/online/si-senor-modern-mex,Official Toast showed regular menu prices for Enchiladas Suizas and Kids Mac Cheese; current official FB special differed.,gpt-intake-conversion-2026-07-05,2026-07-05,2026-07-05,,,
,forkcast-cand-20260705-016,la-tapatia-taqueria,La Tapatia Taqueria,Lunch specials,"Official lunch page lists lunch specials Monday-Saturday 11AM-3PM, including fajitas, two-taco combo, California bowl, chimichanga, and ACP.",La Tapatia Lunch Specials,"Mon-Sat 11AM-3PM lunch specials including fajitas, two-taco combo, California bowl, chimichanga, and ACP. Human review required before publishing.",lunch_special,food,Monday-Saturday,11:00,15:00,,,weekly,$7.99-$11.99,,,,,,,source:la-tapatia-taqueria:20260705,,,,tier_1_official,https://latapatiawilmington.com/lunch/,La Tapatia Taqueria official lunch menu,official_menu_text,2026-07-05,https://latapatiawilmington.com/lunch/,,,11AM - 3PM MONDAY - SATURDAY ... FAJITAS Chicken or Steak 9.00 ... TWO TACO COMBO Served with rice and beans. $9.99 ... CALIFORNIA BOWL ... $8.15 ... CHIMICHANGA ... $7.99 ... ACP ... $11.50,"Official lunch menu confirms days, hours, items, and prices.",9e9bcc82fab4daae2496d40c94d5f3a63c32c9726bfadcc6ffdaefcc4ae62fa1,2026-07-05,2026-07-05,,,verified,needs_review,false,human_review_required_before_approval,in_scope_single_location,"Official website identifies La Tapatia Taqueria in Wilmington, NC.",review-forkcast-20260705-016,AI intake conversion only; human reviewer must capture/review source evidence before any approval.,,,,,,false,,,false,,Tier-1 official source with exact quote fetched live; still not publish-eligible until human review.,gpt-intake-conversion-2026-07-05,2026-07-05,2026-07-05,,,
,forkcast-cand-20260705-017,miranda-mexican-restaurant,Miranda Mexican Restaurant,Taco Tuesday,Official social text confirms Taco Tuesday with tacos starting at $2.50.,Taco Tuesday,Tacos start at $2.50 on Taco Tuesday. Human review required before publishing.,weekly_special,food,Tuesday,,,,,weekly,$2.50+,,,,,,,source:miranda-mexican-restaurant:20260705,,,,tier_2_official_social,https://www.facebook.com/MirandaMexicanRestaurantWilmington/posts/join-us-every-tuesday-for-taco-tuesday-all-tacos-start-at-250-at-miranda-mexican/122139641888463499/,Miranda Mexican Restaurant official Facebook,official_social_text,2026-07-05,https://www.facebook.com/MirandaMexicanRestaurantWilmington/posts/join-us-every-tuesday-for-taco-tuesday-all-tacos-start-at-250-at-miranda-mexican/122139641888463499/,,,Join us every Tuesday for taco tuesday!! All tacos start at $2.50 at Miranda Mexican Restaurant Wilmington NC…,Official Facebook/Instagram snippets confirm every-Tuesday taco deal and starting price.,b2bcbb56c2cd7948c616554b82d18bc3f0cd40e8c6dbeeb55e1d7d8bb5d14401,2026-07-05,2026-07-05,,,probable,needs_review,false,official_social_only_human_review_required,in_scope_single_location,"Official site/social identify Miranda Mexican Restaurant in Wilmington, NC.",review-forkcast-20260705-017,AI intake conversion only; human reviewer must capture/review source evidence before any approval.,,,,,,false,Exact taco types and end time not stated.,official_social_only;exact_time_not_stated;taco_types_not_itemized,false,,Official website confirmed restaurant presence; deal detail came from official social.,gpt-intake-conversion-2026-07-05,2026-07-05,2026-07-05,,,
,forkcast-cand-20260705-018,spindles-filling-station-spindles-at-the-pointe,Spindles Filling Station / Spindles at the Pointe,Wing Night Thursday,Official social text confirms Thursday Wing Night: 10 wings or boneless for $10 starting at 4PM.,$10 Wing Night,Thursday Wing Night: 10 wings or boneless for $10 starting at 4PM. Human review required before publishing.,weekly_special,food,Thursday,16:00,,,,weekly,10 for $10,,,,,,,source:spindles-filling-station-spindles-at-the-pointe:20260705,,,,tier_2_official_social,https://www.facebook.com/spindlesatthepointe/posts/happy-thirsty-thursday-also-known-as-wing-night-at-the-patio-10-for-10-wings-or-/122149915220522301/,Spindles official Facebook,official_social_text,2026-07-05,https://www.facebook.com/spindlesatthepointe/posts/happy-thirsty-thursday-also-known-as-wing-night-at-the-patio-10-for-10-wings-or-/122149915220522301/,,,Happy Thirsty Thursday. Also known as Wing Night at The Patio. 10 for $10 Wings or Boneless starting at 4…,Official Facebook/Instagram text confirms Thursday wing night price and start time.,657d98c235d4827eaef35b1bdc9a3725a54b8cb788a5a6df759b8490a9d2b964,2026-07-05,2026-07-05,,,probable,needs_review,false,official_social_only_human_review_required,in_scope_single_location,Official site/social identify Spindles at The Pointe / Wilmington.,review-forkcast-20260705-018,AI intake conversion only; human reviewer must capture/review source evidence before any approval.,,,,,,false,End time not stated.,official_social_only;exact_end_time_not_stated;potential_social_price_variant,true,https://www.instagram.com/spindlesatthepointe/,"A separate official Instagram snippet referenced $1.39 wings, so human review should resolve whether 10-for-$10 or another price is current.",gpt-intake-conversion-2026-07-05,2026-07-05,2026-07-05,,,
,forkcast-cand-20260705-019,the-crown-and-fiddle-pub-and-kitchen,The Crown & Fiddle Pub and Kitchen,Appy Hour half-off apps,Official social text confirms Appy Hour Tuesday-Thursday 3PM-5PM with half-off appetizers.,Half-Off Apps,Half-off appetizers Tuesday-Thursday from 3PM to 5PM. Human review required before publishing.,happy_hour,food,Tuesday-Thursday,15:00,17:00,,,weekly,,half off apps,,,,,true,source:the-crown-and-fiddle-pub-and-kitchen:20260705,,,,tier_2_official_social,https://www.instagram.com/thecrownandfiddle/,The Crown & Fiddle official Instagram,official_social_text,2026-07-05,https://www.instagram.com/thecrownandfiddle/,,,Meet me at Appy Hour ✨ 1/2 off apps… Join us Tuesday–Thursday from 3PM–5PM…,Official Instagram text confirms half-off apps and the Tue-Thu 3-5PM window.,431a943cd1cdb065a15e8cf2da8f173a8781a2ffa6ffe015c8ef433fe2e67704,2026-07-05,2026-07-05,,,probable,needs_review,false,official_social_only_human_review_required,in_scope_single_location,Official site identifies The Crown & Fiddle Pub and Kitchen in Wilmington / Masonboro Loop area.,review-forkcast-20260705-019,AI intake conversion only; human reviewer must capture/review source evidence before any approval.,,,,,,false,Exact appetizer exclusions not stated.,official_social_only;exclusions_not_stated,false,,Official website did not show Appy Hour details; source is official social.,gpt-intake-conversion-2026-07-05,2026-07-05,2026-07-05,,,
,forkcast-cand-20260705-020,mi-rey-taqueria-and-grill,Mi Rey Taqueria & Grill,Food daily specials,"Official site lists daily food specials including Monday soups/broths 20% off, Tuesday 2-for-1 tacos, Thursday 15% off select grill/fajita items, and Friday/weekend wings 15% off. Wednesday birria/margarita item has alcohol component and is not framed as a food-only public deal here.",Mi Rey Daily Food Specials,"Food specials include Monday soups/broths 20% off, Tuesday 2-for-1 tacos, Thursday 15% off select grill/fajita items, and Friday/weekend wings 15% off. Human review required before publishing.",daily_special,food,Monday; Tuesday; Thursday; Friday; weekends,,,,,weekly,varies,20% off; 2-for-1; 15% off,,,,,,source:mi-rey-taqueria-and-grill:20260705,,,,tier_1_official,https://www.mireytaqueriaygrillnc.com/home,Mi Rey Taqueria & Grill official website,webpage_text,2026-07-05,https://www.mireytaqueriaygrillnc.com/home,,,"DAILY SPECIALS MONDAY..........SOUPS AND BROTHS 20% OFF. TUESDAY:..........2 for 1 TACOS ($3.25 AL PASTOR, PORK CARNITAS) OR ($3.25 CHICKEN OR GROUND BEEF). WEDNESDAY:….ALL BIRRIA PLATES SPECIAL WITH HOUSE MARGARITA FREE THURSDAY:.........GRILL AND FAJITAS NIGHT 15% OFF FAJITA PARA DOS, FAJITA TEXANA AND POLLO ASADO. FRIDAY AND WEEKENDS:............... SMALL MARGARITA 7.00 TALL MARGARITA 11.00,WINGS ALL FLAVORS 15% OFF",Official website confirms daily specials and food discounts; alcohol components are present in the source and require gating.,e2e964f21359151b2f84ec4c2b56eb22a6b98b0b287f2c14c2315cf4a8e56c1b,2026-07-05,2026-07-05,,,verified,needs_review,false,human_review_required_alcohol_component_gating,in_scope_single_location,Official website identifies Mi Rey Taqueria & Grill on Market St / Wilmington.,review-forkcast-20260705-020,AI intake conversion only; human reviewer must capture/review source evidence before any approval.,,,,,,false,Wednesday birria plate with free house margarita and other margarita items require alcohol-gate review; excluded from public food-only copy.,alcohol_component_present;public_copy_needs_human_alcohol_gate,false,,Tier-1 official source with exact quote fetched live; row is not publish-eligible until human review.,gpt-intake-conversion-2026-07-05,2026-07-05,2026-07-05,,,
,forkcast-cand-20260705-021,el-cerro-grande,El Cerro Grande,Lunch specials,"Official menu lists Lunch Specials Monday-Saturday 11AM-2:30PM, including Huevos Rancheros, Lunch ACP, Lunch Combo, Speedy Gonzalez, Lunch Fajitas, Shrimp Fajitas, and Chimichanga.",El Cerro Grande Lunch Specials,Mon-Sat 11AM-2:30PM lunch specials. Human review required before publishing.,lunch_special,food,Monday-Saturday,11:00,14:30,,,weekly,$9.99+,,,,,,,source:el-cerro-grande:20260705,,,,tier_1_official,https://elcerrogranderestaurant.com/menu,El Cerro Grande official menu,official_menu_text,2026-07-05,https://elcerrogranderestaurant.com/menu,,,Lunch Specials Mon-Sat 11 AM - 2:30 PM ... Huevos Rancheros $11.49 ... Lunch Acp $9.99 ... Lunch Combo $9.99 ... Speedy Gonzalez $9.99 ... Lunch Fajitas $10.99 ... Lunch Shrimp Fajitas $11.99 ... Lunch Chimichanga $10.49,Official menu confirms lunch-special days/hours and multiple item prices.,696fb300e31ca3351a0695f4dd30aecd73a6039ade0b71b51d04099f8a7fe599,2026-07-05,2026-07-05,,,verified,needs_review,false,human_review_required_before_approval,in_scope_multi_location,Official El Cerro Grande source covers Wilmington-area locations/menu.,review-forkcast-20260705-021,AI intake conversion only; human reviewer must capture/review source evidence before any approval.,,,,,,false,Multi-location applicability should be checked by human reviewer.,multi_location_applicability_needs_review,false,,Tier-1 official source with exact quote fetched live; still not publish-eligible until human review.,gpt-intake-conversion-2026-07-05,2026-07-05,2026-07-05,,,
,forkcast-cand-20260705-022,antonio-s-pizza-and-pasta,Antonio's Pizza & Pasta,Lunch Specials slice combos,Official Toast lists Lunch Specials under Slices: 2 Slices and a Drink Combo $10.00 and Slice Salad Drink Combo $10.00.,Antonio's Lunch Specials,$10 lunch-special slice combos are listed on Antonio's official ordering page. Human review required for day/hour availability.,lunch_special,food,,,,,,availability_unconfirmed,$10.00,,,,true,true,,source:antonio-s-pizza-and-pasta:20260705,,,,tier_1_official,https://order.toasttab.com/online/antonios-pizza-monkey-junction-5932-carolina-beach-road-suite-100,Antonio's Pizza & Pasta official Toast,toast_ordering_page,2026-07-05,https://order.toasttab.com/online/antonios-pizza-monkey-junction-5932-carolina-beach-road-suite-100,,,### Lunch Specials * 2 Slices and a Drink Combo $10.00 * Slice Salad Drink Combo $10.00,Official Toast page confirms Lunch Specials category and two $10 combo items.,1b01320531105f9b55f2188b7351d1ac2ae5659dffca770a006898642e269c64,2026-07-05,2026-07-05,,,verified,needs_review,false,human_review_required_days_hours_not_confirmed,in_scope_single_location,"Official Toast lists Antonio's Pizza & Pasta at 5932 Carolina Beach Road Suite 100, Wilmington, NC.",review-forkcast-20260705-022,AI intake conversion only; human reviewer must capture/review source evidence before any approval.,,,,,,false,Days/hours for lunch-special category not stated in fetched source.,days_not_stated;hours_not_stated,false,,"Official Toast source confirms lunch-special items/prices, but not days or hours.",gpt-intake-conversion-2026-07-05,2026-07-05,2026-07-05,,,
,forkcast-cand-20260705-023,dough-house-pizza-co,Dough House Pizza Co.,Weekly Specials category,"Official Toast lists a Weekly Specials category, but all listed weekly specials were out of stock at capture time.",Dough House Weekly Specials Lead,"Official ordering page has a Weekly Specials category, but the listed specials were out of stock when checked. Keep as lead only.",menu_special,food,,,,,,weekly_category,$5-$13 shown but out of stock,,,,,,,source:dough-house-pizza-co:20260705,,,,tier_1_official,https://www.toasttab.com/local/order/dough-house-pizza-co-300-north-front-street,Dough House Pizza Co official Toast,toast_ordering_page,2026-07-05,https://www.toasttab.com/local/order/dough-house-pizza-co-300-north-front-street,,,## Weekly Specials * special handpie OUT OF STOCK $5.00 * tomato hand pie OUT OF STOCK $5.00 * lunch slice special meal OUT OF STOCK $12.00 * sandwich special OUT OF STOCK $13.00,"Official Toast confirms Weekly Specials category, but every listed special was marked OUT OF STOCK.",091c49f4af16f8b5599f859f6515cc0fc293aa7a2d86699442b4c1f9f8585a6a,2026-07-05,2026-07-05,,,unverified,lead,false,all_listed_specials_out_of_stock,in_scope_single_location,"Official Toast lists Dough House Pizza Co at 300 North Front Street, Wilmington, NC 28401.",review-forkcast-20260705-023,AI intake conversion only; human reviewer must capture/review source evidence before any approval.,,,,,,false,Do not publish any out-of-stock item.,all_specials_out_of_stock;days_not_stated;human_recheck_needed,false,,"Retained as an intake lead only because official source contains a specials category, but no currently available special was confirmed.",gpt-intake-conversion-2026-07-05,2026-07-05,2026-07-05,,,
,forkcast-cand-20260705-024,ledo-pizza,Ledo Pizza,$6 Calzone Tuesday and lunch deals,Official Ledo deals page lists $6 Calzone Tuesdays and multiple Mon-Fri lunch deals. Wilmington location page is live; location participation should be checked by human reviewer.,Ledo Pizza Deals,$6 Calzone Tuesday and Mon-Fri lunch deals are listed by official Ledo source. Human review required for Wilmington location participation.,weekly_special,food,Tuesday; Monday-Friday,,,,,weekly,$6; $10.99-$12.99 lunch deals,,,true,true,,,source:ledo-pizza:20260705,,,,tier_1_official,https://ledopizza.com/menu/deals/,Ledo Pizza official deals page,webpage_text,2026-07-05,https://ledopizza.com/menu/deals/,,,"Every Tuesday, enjoy a $6 Calzone at Ledo Pizza—all day long! Available for dine-in or carryout, this deal features our classic calzones: Pepperoni, Meatlovers, Chicken, Veggie, or Buffalo. Calzones are made as-is—no substitutions or customizations.",Official Ledo deals page confirms the $6 Calzone Tuesday offer; the same page lists Mon-Fri 11AM-3PM lunch deals. Official Wilmington location page confirms the local store.,b367e0548f50c3d3df774a0a0f851bfecec6c716217fa99c27563bcd74f34455,2026-07-05,2026-07-05,,,probable,needs_review,false,chain_location_participation_human_review_required,in_scope_chain_location_needs_review,"Official Ledo location page lists Wilmington at 6801 Parker Farm Drive, Wilmington, NC 28405.",review-forkcast-20260705-024,AI intake conversion only; human reviewer must capture/review source evidence before any approval.,,,,,,false,Corporate chain offer; confirm Wilmington participation before public use.,location_participation_not_independently_confirmed;chain_offer,false,,"Official location page is live, but the deals page is corporate. Human reviewer should confirm local participation.",gpt-intake-conversion-2026-07-05,2026-07-05,2026-07-05,,,
,forkcast-cand-20260705-025,uncle-vinny-s-pizzeria-ristorante,Uncle Vinny's Pizzeria Ristorante,Weekly specials and weekday lunch,Official social text lists weekday lunch specials for $9.99 from open until 3PM and Monday buy-one-large-pizza/get-small-cheese-free.,Uncle Vinny's Weekly Specials,"$9.99 weekday lunch specials from open until 3PM, plus Monday buy one large pizza/get a small cheese free. Human review required before publishing.",weekly_special,food,Weekdays; Monday,,15:00,,,weekly,$9.99; free small cheese pizza with large pizza purchase,,Monday offer requires purchase of one large pizza,,,,,source:uncle-vinny-s-pizzeria-ristorante:20260705,,,,tier_2_official_social,https://www.facebook.com/UncleVinnys/videos/-weekly-specials-at-uncle-vinnys-%EF%B8%8F-weekday-lunch-999-lunch-specials-from-open-ti/1993216958132796/,Uncle Vinny's official Facebook,official_social_text,2026-07-05,https://www.facebook.com/UncleVinnys/videos/-weekly-specials-at-uncle-vinnys-%EF%B8%8F-weekday-lunch-999-lunch-specials-from-open-ti/1993216958132796/,,,"Weekday Lunch: $9.99 lunch specials from open till 3PM — perfect mid-day bite! Monday: Buy one large pizza, get a small cheese FREE!",Official Facebook/Instagram text confirms weekday lunch special pricing and Monday pizza offer.,a31f6d01f3d9b0166467cfbdf647897c107ca35fbd70b4c324b6d15b24ea3eec,2026-07-05,2026-07-05,,,probable,needs_review,false,official_social_only_human_review_required,in_scope_single_location,"Official social identifies Uncle Vinny's Pizzeria Ristorante in Carolina Beach, NC.",review-forkcast-20260705-025,AI intake conversion only; human reviewer must capture/review source evidence before any approval.,,,,,,false,Start time is 'open' only; exact open time/day applicability needs review.,official_social_only;start_time_open_not_exact,false,,Retained as official social-backed intake row; no tier-1 special page found.,gpt-intake-conversion-2026-07-05,2026-07-05,2026-07-05,,,
,forkcast-cand-20260705-026,henry-s-restaurant-and-bar,Henry's Restaurant & Bar,Wednesday half-off select bottles of wine,Official homepage advertises Wednesday nights with half-off select bottles of wine. This is drink-only and should be suppressed from the public food-deal feed.,Half-Off Select Wine Bottles,Wednesday nights: half-off select bottles of wine. Alcohol-only; not for public food-deal feed.,drink_special,alcohol_only,Wednesday,,,,,weekly,,half off select bottles of wine,,,,,,source:henry-s-restaurant-and-bar:20260705,,,,tier_1_official,https://www.henrysrestaurant.com/,Henry's Restaurant & Bar official website,webpage_text,2026-07-05,https://www.henrysrestaurant.com/,,,Come see us on Wednesday nights for live entertainment  and half off select bottles of wine!,Official homepage confirms Wednesday half-off select bottles of wine; no food discount found on fetched official pages.,0e98806f8c982a67521abec6f699dbd35538e49481758985e60796797fd010d1,2026-07-05,2026-07-05,,,verified,needs_review,false,alcohol_only_suppress_from_food_feed_human_review_required,in_scope_single_location,"Official website lists 2508 Independence Blvd, Wilmington, NC 28412.",review-forkcast-20260705-026,AI intake conversion only; human reviewer must capture/review source evidence before any approval.,,,,,,false,Drink-only/alcohol-only deal; suppress from public food-deal feed.,food_deal_not_found;alcohol_only,false,,"Official menus were fetched; no current food deal found, but official drink-only special was confirmed.",gpt-intake-conversion-2026-07-05,2026-07-05,2026-07-05,,,
,forkcast-cand-20260705-027,ruckerjohns-of-wilmington,RuckerJohns of Wilmington,Daily specials,"Official Daily Specials page shows dated daily items for Saturday July 4, 2026, including soup, catch, lunch, dinner, drink, draft beer, and dessert. Since current date is July 5, 2026 and the restaurant is closed Sundays, this needs same-day/open-day recheck before use.",RuckerJohns Daily Specials,"Official daily specials page is live, but the listed items are dated Saturday July 4, 2026. Human recheck required.",daily_special,food,"Saturday July 4, 2026",,,2026-07-04,2026-07-04,daily_rotating,$14.99 lunch; $20.99 dinner; $25.99 catch,,,,,,,source:ruckerjohns-of-wilmington:20260705,,,,tier_1_official,https://ruckerjohnswilmington.com/daily-specials/,RuckerJohns of Wilmington official daily specials page,webpage_text,2026-07-05,https://ruckerjohnswilmington.com/daily-specials/,,,"Saturday July 4th, 2026 ... Lunch Backyard 4th of July Classic $ 14.99 ... Dinner Caribbean Shrimp Skewers $ 20.99 ... Drink Peach Paloma $9","Official Daily Specials page confirms dated rotating specials, but content was dated the day before current capture.",048a0446352559aceedc99786f65677fbb76ac202a4bdf006692396d1c05ceed,2026-07-05,2026-07-05,2026-07-04,,probable,needs_review,false,dated_daily_special_requires_same_day_recheck,in_scope_single_location,"Official page lists 5564 Carolina Beach Rd, Wilmington; Mon-Sat 11am-10pm; closed Sundays.",review-forkcast-20260705-027,AI intake conversion only; human reviewer must capture/review source evidence before any approval.,,,,,,false,Alcohol drink special in source quote excluded from public food framing.,daily_special_date_is_2026-07-04_not_2026-07-05;closed_sunday;needs_next_open_day_recheck,false,,"Official page was live on 2026-07-05, but the displayed specials were for 2026-07-04; do not publish without same-day recheck.",gpt-intake-conversion-2026-07-05,2026-07-05,2026-07-05,,,
,forkcast-cand-20260705-028,the-harp,The Harp,Daily drink specials,Official Specials page lists daily drink specials. This row is alcohol-only and should be suppressed from the public food-deal feed.,The Harp Daily Drink Specials,"Daily drink specials are listed by The Harp, including Monday Miller Lite drafts, Tuesday half-price wine, Wednesday Guinness, Thursday Yuengling, and Sunday Bloody Marys/Mimosas. Alcohol-only; not for public food-deal feed.",drink_special,alcohol_only,Monday; Tuesday; Wednesday; Thursday; Sunday,,,,,weekly,$2.50-$4 drink specials; 1/2 price bottles of wine,drink discounts,,,,,,source:the-harp:20260705,,,,tier_1_official,https://harpwilmington.com/specials.html,The Harp official specials page,webpage_text,2026-07-05,https://harpwilmington.com/specials.html,,,Weekly Specials Schedule Day Special Monday $2.50 Miller Lite Drafts Tuesday 1/2 Price Bottles of Wine & $4 Magner’s Irish Cider Wednesday $4.00 Guinness Pints Thursday $2.50 Yuengling Drafts Sunday $4 Bloody Mary’s and Mimosas — perfect with Sunday Brunch 10am–3pm,Official specials page confirms daily drink specials; menu page notes fresh local food specials daily but does not itemize a current food deal.,936d98518dc25ea5a6cc90cf8ec5d7ca2d576c87a0780e38bed1f2e1fa3cfbdf,2026-07-05,2026-07-05,,,verified,needs_review,false,alcohol_only_suppress_from_food_feed_human_review_required,in_scope_single_location,"Official website identifies The Harp as an authentic Irish restaurant and pub in Wilmington, North Carolina.",review-forkcast-20260705-028,AI intake conversion only; human reviewer must capture/review source evidence before any approval.,,,,,,false,Drink-only/alcohol-only deal; suppress from public food-deal feed.,alcohol_only;food_specials_not_itemized,false,,"Official Harp menu says to ask server about daily food specials, but only drink specials were itemized online.",gpt-intake-conversion-2026-07-05,2026-07-05,2026-07-05,,,
