Queue_Row,Batch,Restaurant,Offer_Item,Category,Meal_Period,Happy_Hour,Source_URL,Source_Group_ID,P1_Sprint_Status,Source_Text_Archive_Status,Text_Capture_Path,Text_Capture_Hash,Capture_Card_Path,Screenshot_Archive_Status,Food_Copy_Status,Scope_Status,Recurrence_Status,Price,Days_Schedule,Time_Window,Service_Mode,Source_Quote,Remaining_Blocker,Next_Action,Ready_For_Intake_Row
4,Batch 01,Circa 1922,Circa Sliders,Happy Hour Food,,Yes,https://static1.squarespace.com/static/68c45e5c5157736767a0e9be/t/68d424829ced873bec34c5f8/1758733442902/Circa+1922+-+Fall+2025+Bar+Menu.pdf,sg-circa-1922-static1-squarespace-com,source_text_archived_capture_card_created_remaining_review_tasks,confirmed_pdf_text_food_items,source_capture_p1_sprint_2026-07-06/text_captures/sg-circa-1922-static1-squarespace-com-circa-1922.md,sha256:217561765ceba31b3fd062585a594bedced5dc2335eb48b1b2cd92f3ef0c878e,source_capture_p1_sprint_2026-07-06/capture_cards/sg-circa-1922-static1-squarespace-com-circa-1922.png,manual_pdf_render_or_archive_needed,food_copy_review,scope_ok,recurrence_ok,$10,daily not explicitly in PDF; homepage image alt says daily,5:00 PM-7:00 PM,bar only,"Circa Sliders 10; American Cheese, Caramelized Onions, Comeback Sauce, Pickles; HAPPY HOUR MENU AVAILABLE 5 TO 7PM AT THE BAR.",manual_pdf_render_or_archive_needed,"Attach durable browser/PDF/image screenshot or archive, then run food-copy/scope/freshness review for exact intake rows.",yes_after_visual_capture_and_review
6,Batch 01,Circa 1922,Marinated Olives,Happy Hour Food,,Yes,https://static1.squarespace.com/static/68c45e5c5157736767a0e9be/t/68d424829ced873bec34c5f8/1758733442902/Circa+1922+-+Fall+2025+Bar+Menu.pdf,sg-circa-1922-static1-squarespace-com,source_text_archived_capture_card_created_remaining_review_tasks,confirmed_pdf_text_food_items,source_capture_p1_sprint_2026-07-06/text_captures/sg-circa-1922-static1-squarespace-com-circa-1922.md,sha256:217561765ceba31b3fd062585a594bedced5dc2335eb48b1b2cd92f3ef0c878e,source_capture_p1_sprint_2026-07-06/capture_cards/sg-circa-1922-static1-squarespace-com-circa-1922.png,manual_pdf_render_or_archive_needed,food_copy_review,scope_ok,recurrence_ok,$8,daily not explicitly in PDF; homepage image alt says daily,5:00 PM-7:00 PM,bar only,"Marinated Olives 8; Guindilla Chilis, Lavash; HAPPY HOUR MENU AVAILABLE 5 TO 7PM AT THE BAR.",manual_pdf_render_or_archive_needed,"Attach durable browser/PDF/image screenshot or archive, then run food-copy/scope/freshness review for exact intake rows.",yes_after_visual_capture_and_review
7,Batch 01,Circa 1922,Mushroom Bruschetta,Happy Hour Food,,Yes,https://static1.squarespace.com/static/68c45e5c5157736767a0e9be/t/68d424829ced873bec34c5f8/1758733442902/Circa+1922+-+Fall+2025+Bar+Menu.pdf,sg-circa-1922-static1-squarespace-com,source_text_archived_capture_card_created_remaining_review_tasks,confirmed_pdf_text_food_items,source_capture_p1_sprint_2026-07-06/text_captures/sg-circa-1922-static1-squarespace-com-circa-1922.md,sha256:217561765ceba31b3fd062585a594bedced5dc2335eb48b1b2cd92f3ef0c878e,source_capture_p1_sprint_2026-07-06/capture_cards/sg-circa-1922-static1-squarespace-com-circa-1922.png,manual_pdf_render_or_archive_needed,food_copy_review,scope_ok,recurrence_ok,$8,daily not explicitly in PDF; homepage image alt says daily,5:00 PM-7:00 PM,bar only,"Mushroom Bruschetta 8; Boursin Cheese, Chives; HAPPY HOUR MENU AVAILABLE 5 TO 7PM AT THE BAR.",manual_pdf_render_or_archive_needed,"Attach durable browser/PDF/image screenshot or archive, then run food-copy/scope/freshness review for exact intake rows.",yes_after_visual_capture_and_review
8,Batch 01,Circa 1922,Smoked Salmon Dip,Happy Hour Food,,Yes,https://static1.squarespace.com/static/68c45e5c5157736767a0e9be/t/68d424829ced873bec34c5f8/1758733442902/Circa+1922+-+Fall+2025+Bar+Menu.pdf,sg-circa-1922-static1-squarespace-com,source_text_archived_capture_card_created_remaining_review_tasks,confirmed_pdf_text_food_items,source_capture_p1_sprint_2026-07-06/text_captures/sg-circa-1922-static1-squarespace-com-circa-1922.md,sha256:217561765ceba31b3fd062585a594bedced5dc2335eb48b1b2cd92f3ef0c878e,source_capture_p1_sprint_2026-07-06/capture_cards/sg-circa-1922-static1-squarespace-com-circa-1922.png,manual_pdf_render_or_archive_needed,food_copy_review,scope_ok,recurrence_ok,$10,daily not explicitly in PDF; homepage image alt says daily,5:00 PM-7:00 PM,bar only,"Smoked Salmon Dip 10; Preserved Lemon, Pickled Shallot, Benne Crackers; HAPPY HOUR MENU AVAILABLE 5 TO 7PM AT THE BAR.",manual_pdf_render_or_archive_needed,"Attach durable browser/PDF/image screenshot or archive, then run food-copy/scope/freshness review for exact intake rows.",yes_after_visual_capture_and_review
9,Batch 01,Circa 1922,Steak Pinchos,Happy Hour Food,,Yes,https://static1.squarespace.com/static/68c45e5c5157736767a0e9be/t/68d424829ced873bec34c5f8/1758733442902/Circa+1922+-+Fall+2025+Bar+Menu.pdf,sg-circa-1922-static1-squarespace-com,source_text_archived_capture_card_created_remaining_review_tasks,confirmed_pdf_text_food_items,source_capture_p1_sprint_2026-07-06/text_captures/sg-circa-1922-static1-squarespace-com-circa-1922.md,sha256:217561765ceba31b3fd062585a594bedced5dc2335eb48b1b2cd92f3ef0c878e,source_capture_p1_sprint_2026-07-06/capture_cards/sg-circa-1922-static1-squarespace-com-circa-1922.png,manual_pdf_render_or_archive_needed,food_copy_review,scope_ok,recurrence_ok,$12,daily not explicitly in PDF; homepage image alt says daily,5:00 PM-7:00 PM,bar only,"Steak Pinchos* 12; Salsa Verde, Cilantro; HAPPY HOUR MENU AVAILABLE 5 TO 7PM AT THE BAR.",manual_pdf_render_or_archive_needed,"Attach durable browser/PDF/image screenshot or archive, then run food-copy/scope/freshness review for exact intake rows.",yes_after_visual_capture_and_review
10,Batch 01,Circa 1922,Steamed Mussels,Happy Hour Food,,Yes,https://static1.squarespace.com/static/68c45e5c5157736767a0e9be/t/68d424829ced873bec34c5f8/1758733442902/Circa+1922+-+Fall+2025+Bar+Menu.pdf,sg-circa-1922-static1-squarespace-com,source_text_archived_capture_card_created_remaining_review_tasks,confirmed_pdf_text_food_items,source_capture_p1_sprint_2026-07-06/text_captures/sg-circa-1922-static1-squarespace-com-circa-1922.md,sha256:217561765ceba31b3fd062585a594bedced5dc2335eb48b1b2cd92f3ef0c878e,source_capture_p1_sprint_2026-07-06/capture_cards/sg-circa-1922-static1-squarespace-com-circa-1922.png,manual_pdf_render_or_archive_needed,food_copy_review,scope_ok,recurrence_ok,$12,daily not explicitly in PDF; homepage image alt says daily,5:00 PM-7:00 PM,bar only,"Steamed Mussels 12; Sauce Marinière, Grilled Bread; HAPPY HOUR MENU AVAILABLE 5 TO 7PM AT THE BAR.",manual_pdf_render_or_archive_needed,"Attach durable browser/PDF/image screenshot or archive, then run food-copy/scope/freshness review for exact intake rows.",yes_after_visual_capture_and_review
11,Batch 01,Circa 1922,Tuna Poke Bombs,Happy Hour Food,,Yes,https://static1.squarespace.com/static/68c45e5c5157736767a0e9be/t/68d424829ced873bec34c5f8/1758733442902/Circa+1922+-+Fall+2025+Bar+Menu.pdf,sg-circa-1922-static1-squarespace-com,source_text_archived_capture_card_created_remaining_review_tasks,confirmed_pdf_text_food_items,source_capture_p1_sprint_2026-07-06/text_captures/sg-circa-1922-static1-squarespace-com-circa-1922.md,sha256:217561765ceba31b3fd062585a594bedced5dc2335eb48b1b2cd92f3ef0c878e,source_capture_p1_sprint_2026-07-06/capture_cards/sg-circa-1922-static1-squarespace-com-circa-1922.png,manual_pdf_render_or_archive_needed,food_copy_review,scope_ok,recurrence_ok,$10,daily not explicitly in PDF; homepage image alt says daily,5:00 PM-7:00 PM,bar only,"Tuna Poke Bombs* 10; Crispy Rice, Citrus Ponzu; HAPPY HOUR MENU AVAILABLE 5 TO 7PM AT THE BAR.",manual_pdf_render_or_archive_needed,"Attach durable browser/PDF/image screenshot or archive, then run food-copy/scope/freshness review for exact intake rows.",yes_after_visual_capture_and_review
12,Batch 01,Hibachi Bistro,Kids Eat Free,Family / Kids,,No,https://hibachibistro.com/,sg-hibachi-bistro-hibachibistro-com,source_text_archived_capture_card_created_remaining_review_tasks,confirmed_current_html_text,source_capture_p1_sprint_2026-07-06/text_captures/sg-hibachi-bistro-hibachibistro-com-hibachi-bistro.md,sha256:b8c3ae939881023701d697ecd7ede43ffc1b137fca3eecdbabb52c1e4d55200f,source_capture_p1_sprint_2026-07-06/capture_cards/sg-hibachi-bistro-hibachibistro-com-hibachi-bistro.png,browser_screenshot_or_web_archive_needed,food_copy_review,scope_ok,recurrence_ok,free with entree purchase,Sunday,12:00 PM-9:30 PM,dine-in likely; verify before public copy,Kids Eat Free; Sundays 12PM-9:30PM; with entree purchase.,browser_screenshot_or_web_archive_needed,"Attach durable browser/PDF/image screenshot or archive, then run food-copy/scope/freshness review for exact intake rows.",yes_after_visual_capture_and_review
13,Batch 01,Hibachi Bistro,Lunch Specials,Lunch Special,,No,https://hibachibistro.com/,sg-hibachi-bistro-hibachibistro-com,source_text_archived_capture_card_created_remaining_review_tasks,confirmed_current_html_text,source_capture_p1_sprint_2026-07-06/text_captures/sg-hibachi-bistro-hibachibistro-com-hibachi-bistro.md,sha256:b8c3ae939881023701d697ecd7ede43ffc1b137fca3eecdbabb52c1e4d55200f,source_capture_p1_sprint_2026-07-06/capture_cards/sg-hibachi-bistro-hibachibistro-com-hibachi-bistro.png,browser_screenshot_or_web_archive_needed,food_copy_review,scope_ok,recurrence_ok,starting at $9,Daily,until 3:00 PM,pickup or delivery; dine-in likely but verify,Lunch Specials; Daily until 3PM starting at $9; Order Online; Pickup or delivery.,browser_screenshot_or_web_archive_needed,"Attach durable browser/PDF/image screenshot or archive, then run food-copy/scope/freshness review for exact intake rows.",yes_after_visual_capture_and_review
16,Batch 01,Junction 421,"Friday Daily Blue Plate: Crab Stuffed Salmon $29; spinach risotto, panko horseradish crust, tomato butter sauce; while it lasts.",Daily / Weekly Specials,,No,https://junction421.com/dinner-menu/,sg-junction-421-junction421-com,source_text_archived_capture_card_created_remaining_review_tasks,confirmed_current_html_text,source_capture_p1_sprint_2026-07-06/text_captures/sg-junction-421-junction421-com-junction-421.md,sha256:ade46f1f8d32162574118d94a91017827555b704ded35050bcf3337ee10282b5,source_capture_p1_sprint_2026-07-06/capture_cards/sg-junction-421-junction421-com-junction-421.png,browser_screenshot_or_web_archive_needed,food_copy_review,scope_ok,recurrence_ok,$29,Friday,dinner/hours; exact special window not explicitly stated,dine-in and curbside pickup,"Friday. CRAB STUFFED SALMON $29; spinach risotto, panko horseradish crust, tomato butter sauce; Blue Plate Special.",browser_screenshot_or_web_archive_needed,"Attach durable browser/PDF/image screenshot or archive, then run food-copy/scope/freshness review for exact intake rows.",yes_after_visual_capture_and_review
18,Batch 02,Junction 421,"Monday Daily Blue Plate: Baby Back Ribs $24; mac-n-cheese, coleslaw; while it lasts.",BBQ / Ribs,,No,https://junction421.com/dinner-menu/,sg-junction-421-junction421-com,source_text_archived_capture_card_created_remaining_review_tasks,confirmed_current_html_text,source_capture_p1_sprint_2026-07-06/text_captures/sg-junction-421-junction421-com-junction-421.md,sha256:ade46f1f8d32162574118d94a91017827555b704ded35050bcf3337ee10282b5,source_capture_p1_sprint_2026-07-06/capture_cards/sg-junction-421-junction421-com-junction-421.png,browser_screenshot_or_web_archive_needed,food_copy_review,scope_ok,recurrence_ok,$24,Monday,Dinner service; open 4 PM–9 PM Monday,Dine-in/curbside pickup site context; review service mode before public copy,"DAILY BLUE PLATE (while it lasts). Monday. BABY BACK RIBS $24; mac-n-cheese, coleslaw.",browser_screenshot_or_web_archive_needed,"Attach durable browser/PDF/image screenshot or archive, then run food-copy/scope/freshness review for exact intake rows.",yes_after_visual_capture_and_review
19,Batch 02,Junction 421,"Saturday Daily Blue Plate: Grouper Oscar $37; crab, asparagus, bearnaise, mashed potatoes; while it lasts.",Daily / Weekly Specials,,No,https://junction421.com/dinner-menu/,sg-junction-421-junction421-com,source_text_archived_capture_card_created_remaining_review_tasks,confirmed_current_html_text,source_capture_p1_sprint_2026-07-06/text_captures/sg-junction-421-junction421-com-junction-421.md,sha256:ade46f1f8d32162574118d94a91017827555b704ded35050bcf3337ee10282b5,source_capture_p1_sprint_2026-07-06/capture_cards/sg-junction-421-junction421-com-junction-421.png,browser_screenshot_or_web_archive_needed,food_copy_review,scope_ok,recurrence_ok,$37,Saturday,Dinner menu; site hours Fri-Sat 11 AM–9 PM,Dine-in/curbside pickup site context; review service mode before public copy,"SATURDAY. *GROUPER OSCAR $37; crab, asparagus, bearnaise, mashed potatoes.",browser_screenshot_or_web_archive_needed,"Attach durable browser/PDF/image screenshot or archive, then run food-copy/scope/freshness review for exact intake rows.",yes_after_visual_capture_and_review
20,Batch 02,Junction 421,Sunday Daily Blue Plate: Chicken and Biscuits $20 / Chicken Parmesan $27; while it lasts.,Daily / Weekly Specials,,No,https://junction421.com/dinner-menu/,sg-junction-421-junction421-com,source_text_archived_capture_card_created_remaining_review_tasks,confirmed_current_html_text,source_capture_p1_sprint_2026-07-06/text_captures/sg-junction-421-junction421-com-junction-421.md,sha256:ade46f1f8d32162574118d94a91017827555b704ded35050bcf3337ee10282b5,source_capture_p1_sprint_2026-07-06/capture_cards/sg-junction-421-junction421-com-junction-421.png,browser_screenshot_or_web_archive_needed,food_copy_review,scope_ok,recurrence_ok,$20 / $27,Sunday,Dinner menu; site hours Sun 11 AM–8 PM,Dine-in/curbside pickup site context; review service mode before public copy,Sunday. CHICKEN AND BISCUITS $20; Sunday. CHICKEN PARMESAN $27.,browser_screenshot_or_web_archive_needed,"Attach durable browser/PDF/image screenshot or archive, then run food-copy/scope/freshness review for exact intake rows.",yes_after_visual_capture_and_review
21,Batch 02,Junction 421,"Thursday Daily Blue Plate: Stuffed Pork Chop $29; Swiss, mushroom, spinach, marsala sauce, mashed potatoes; while it lasts.",Daily / Weekly Specials,,No,https://junction421.com/dinner-menu/,sg-junction-421-junction421-com,source_text_archived_capture_card_created_remaining_review_tasks,confirmed_current_html_text,source_capture_p1_sprint_2026-07-06/text_captures/sg-junction-421-junction421-com-junction-421.md,sha256:ade46f1f8d32162574118d94a91017827555b704ded35050bcf3337ee10282b5,source_capture_p1_sprint_2026-07-06/capture_cards/sg-junction-421-junction421-com-junction-421.png,browser_screenshot_or_web_archive_needed,food_copy_review,scope_ok,recurrence_ok,$29,Thursday,Dinner service; open 4 PM–9 PM Thursday,Dine-in/curbside pickup site context; review service mode before public copy,"Thursday. *Stuffed Pork Chop $29 gf; swiss, mushroom, spinach, marsala sauce, mashed potatoes.",browser_screenshot_or_web_archive_needed,"Attach durable browser/PDF/image screenshot or archive, then run food-copy/scope/freshness review for exact intake rows.",yes_after_visual_capture_and_review
22,Batch 02,Junction 421,"Tuesday Daily Blue Plate: Seafood in Parchment $25; haddock, shrimp, vegetables, rice pilaf; while it lasts.",Seafood / Oysters,,No,https://junction421.com/dinner-menu/,sg-junction-421-junction421-com,source_text_archived_capture_card_created_remaining_review_tasks,confirmed_current_html_text,source_capture_p1_sprint_2026-07-06/text_captures/sg-junction-421-junction421-com-junction-421.md,sha256:ade46f1f8d32162574118d94a91017827555b704ded35050bcf3337ee10282b5,source_capture_p1_sprint_2026-07-06/capture_cards/sg-junction-421-junction421-com-junction-421.png,browser_screenshot_or_web_archive_needed,food_copy_review,scope_ok,recurrence_ok,$25,Tuesday,Dinner service; open 4 PM–9 PM Tuesday,Dine-in/curbside pickup site context; review service mode before public copy,"Tuesday. SEAFOOD IN PARCHMENT $25 gf; haddock, shrimp, vegetables, rice pilaf.",browser_screenshot_or_web_archive_needed,"Attach durable browser/PDF/image screenshot or archive, then run food-copy/scope/freshness review for exact intake rows.",yes_after_visual_capture_and_review
23,Batch 02,Junction 421,Wednesday Daily Blue Plate: Lasagna $22; five layers; while it lasts.,Daily / Weekly Specials,,No,https://junction421.com/dinner-menu/,sg-junction-421-junction421-com,source_text_archived_capture_card_created_remaining_review_tasks,confirmed_current_html_text,source_capture_p1_sprint_2026-07-06/text_captures/sg-junction-421-junction421-com-junction-421.md,sha256:ade46f1f8d32162574118d94a91017827555b704ded35050bcf3337ee10282b5,source_capture_p1_sprint_2026-07-06/capture_cards/sg-junction-421-junction421-com-junction-421.png,browser_screenshot_or_web_archive_needed,food_copy_review,scope_ok,recurrence_ok,$22,Wednesday,Dinner service; open 4 PM–9 PM Wednesday,Dine-in/curbside pickup site context; review service mode before public copy,Wednesday. LASAGNA $22; five layers.,browser_screenshot_or_web_archive_needed,"Attach durable browser/PDF/image screenshot or archive, then run food-copy/scope/freshness review for exact intake rows.",yes_after_visual_capture_and_review
24,Batch 02,K38 Baja Grill - Carolina Beach,Cinco de Monday / Everything $5 food items,Other Food Special,,No,https://k38bajagrill.com/locations/carolina-beach/,sg-k38-baja-grill-carolina-beach-k38bajagrill-com,source_text_archived_capture_card_created_remaining_review_tasks,confirmed_current_html_text_alcohol_adjacent,source_capture_p1_sprint_2026-07-06/text_captures/sg-k38-baja-grill-carolina-beach-k38bajagrill-com-k38-baja-grill-carolina-beach.md,sha256:cec20bbd87d5f1f4a3d724799a0d090fd3bca824e30e79a0c15d42c1053500f9,source_capture_p1_sprint_2026-07-06/capture_cards/sg-k38-baja-grill-carolina-beach-k38bajagrill-com-k38-baja-grill-carolina-beach.png,browser_screenshot_or_web_archive_needed,food_safe_copy_alcohol_suppression_required,carolina_beach_broad_market_review_ok,recurrence_ok,$5,Monday,Food specials start at 5 PM; end time not listed,Dine-in only,"Cinco de Monday (Everything $5): Baja Fish Tacos, Wannabe Margaritas, Large Queso, Large Guac, Large Elote, Poor Surfer, Chile Relleno, Chicken Elote Rolls. Food Specials start at 5:00pm ... All Specials are Dine In only.",browser_screenshot_or_web_archive_needed; food-safe copy / alcohol suppression required,"Attach durable browser/PDF/image screenshot or archive, then run food-copy/scope/freshness review for exact intake rows.",yes_after_visual_capture_and_review
25,Batch 02,K38 Baja Grill - Carolina Beach,Fajita Tuesday special priced fajitas,Mexican / Tacos,,No,https://k38bajagrill.com/locations/carolina-beach/,sg-k38-baja-grill-carolina-beach-k38bajagrill-com,source_text_archived_capture_card_created_remaining_review_tasks,confirmed_current_html_text_alcohol_adjacent,source_capture_p1_sprint_2026-07-06/text_captures/sg-k38-baja-grill-carolina-beach-k38bajagrill-com-k38-baja-grill-carolina-beach.md,sha256:cec20bbd87d5f1f4a3d724799a0d090fd3bca824e30e79a0c15d42c1053500f9,source_capture_p1_sprint_2026-07-06/capture_cards/sg-k38-baja-grill-carolina-beach-k38bajagrill-com-k38-baja-grill-carolina-beach.png,browser_screenshot_or_web_archive_needed,food_safe_copy_alcohol_suppression_required,carolina_beach_broad_market_review_ok,recurrence_ok,special priced; exact price not listed,Tuesday,Food specials start at 5 PM; end time not listed,Dine-in only,"Fajita Tuesday's: Special Priced Fajitas, Includes Shrimp, Chicken or Veggie Fajitas. Food Specials start at 5:00pm ... All Specials are Dine In only.",browser_screenshot_or_web_archive_needed; food-safe copy / alcohol suppression required,"Attach durable browser/PDF/image screenshot or archive, then run food-copy/scope/freshness review for exact intake rows.",yes_after_visual_capture_and_review
26,Batch 02,K38 Baja Grill - Carolina Beach,Quesadilla Wednesday half-off De La Casa quesadilla,Mexican / Tacos,,No,https://k38bajagrill.com/locations/carolina-beach/,sg-k38-baja-grill-carolina-beach-k38bajagrill-com,source_text_archived_capture_card_created_remaining_review_tasks,confirmed_current_html_text_alcohol_adjacent,source_capture_p1_sprint_2026-07-06/text_captures/sg-k38-baja-grill-carolina-beach-k38bajagrill-com-k38-baja-grill-carolina-beach.md,sha256:cec20bbd87d5f1f4a3d724799a0d090fd3bca824e30e79a0c15d42c1053500f9,source_capture_p1_sprint_2026-07-06/capture_cards/sg-k38-baja-grill-carolina-beach-k38bajagrill-com-k38-baja-grill-carolina-beach.png,browser_screenshot_or_web_archive_needed,food_safe_copy_alcohol_suppression_required,carolina_beach_broad_market_review_ok,recurrence_ok,50% off,Wednesday,Food specials start at 5 PM; end time not listed,Dine-in only,"Quesadilla Wednesday's: 1/2 Off De La Casa Quesadilla, Includes Chicken, Cheese or Veggie. Food Specials start at 5:00pm ... All Specials are Dine In only.",browser_screenshot_or_web_archive_needed; food-safe copy / alcohol suppression required,"Attach durable browser/PDF/image screenshot or archive, then run food-copy/scope/freshness review for exact intake rows.",yes_after_visual_capture_and_review
27,Batch 02,K38 Baja Grill - Porters Neck,Cinco de Monday / Everything $5 food items,Other Food Special,,No,https://k38bajagrill.com/locations/porters-neck/,sg-k38-baja-grill-porters-neck-k38bajagrill-com,source_text_archived_capture_card_created_remaining_review_tasks,confirmed_current_html_text_alcohol_adjacent,source_capture_p1_sprint_2026-07-06/text_captures/sg-k38-baja-grill-porters-neck-k38bajagrill-com-k38-baja-grill-porters-neck.md,sha256:4d81f24659e211ce1bc53c203f89bd7e0b20e03a720e64e653db7b8c1885aa19,source_capture_p1_sprint_2026-07-06/capture_cards/sg-k38-baja-grill-porters-neck-k38bajagrill-com-k38-baja-grill-porters-neck.png,browser_screenshot_or_web_archive_needed,food_safe_copy_alcohol_suppression_required,scope_ok,recurrence_ok,$5,Monday,Food specials start at 5 PM; end time not listed,Dine-in only,"Cinco de Monday (Everything $5): Baja Fish Tacos, Wannabe Margaritas, Large Queso, Large Guac, Large Elote, Poor Surfer, Chile Relleno, Chicken Elote Rolls. Food Specials start at 5:00pm ... All Specials are Dine In only.",browser_screenshot_or_web_archive_needed; food-safe copy / alcohol suppression required,"Attach durable browser/PDF/image screenshot or archive, then run food-copy/scope/freshness review for exact intake rows.",yes_after_visual_capture_and_review
28,Batch 02,K38 Baja Grill - Porters Neck,Fajita Tuesday special priced fajitas,Mexican / Tacos,,No,https://k38bajagrill.com/locations/porters-neck/,sg-k38-baja-grill-porters-neck-k38bajagrill-com,source_text_archived_capture_card_created_remaining_review_tasks,confirmed_current_html_text_alcohol_adjacent,source_capture_p1_sprint_2026-07-06/text_captures/sg-k38-baja-grill-porters-neck-k38bajagrill-com-k38-baja-grill-porters-neck.md,sha256:4d81f24659e211ce1bc53c203f89bd7e0b20e03a720e64e653db7b8c1885aa19,source_capture_p1_sprint_2026-07-06/capture_cards/sg-k38-baja-grill-porters-neck-k38bajagrill-com-k38-baja-grill-porters-neck.png,browser_screenshot_or_web_archive_needed,food_safe_copy_alcohol_suppression_required,scope_ok,recurrence_ok,special priced; exact price not listed,Tuesday,Food specials start at 5 PM; end time not listed,Dine-in only,"Fajita Tuesday's: Special Priced Fajitas, Includes Shrimp, Chicken or Veggie Fajitas. Food Specials start at 5:00pm ... All Specials are Dine In only.",browser_screenshot_or_web_archive_needed; food-safe copy / alcohol suppression required,"Attach durable browser/PDF/image screenshot or archive, then run food-copy/scope/freshness review for exact intake rows.",yes_after_visual_capture_and_review
29,Batch 02,K38 Baja Grill - Porters Neck,Quesadilla Wednesday half-off De La Casa quesadilla,Mexican / Tacos,,No,https://k38bajagrill.com/locations/porters-neck/,sg-k38-baja-grill-porters-neck-k38bajagrill-com,source_text_archived_capture_card_created_remaining_review_tasks,confirmed_current_html_text_alcohol_adjacent,source_capture_p1_sprint_2026-07-06/text_captures/sg-k38-baja-grill-porters-neck-k38bajagrill-com-k38-baja-grill-porters-neck.md,sha256:4d81f24659e211ce1bc53c203f89bd7e0b20e03a720e64e653db7b8c1885aa19,source_capture_p1_sprint_2026-07-06/capture_cards/sg-k38-baja-grill-porters-neck-k38bajagrill-com-k38-baja-grill-porters-neck.png,browser_screenshot_or_web_archive_needed,food_safe_copy_alcohol_suppression_required,scope_ok,recurrence_ok,50% off,Wednesday,Food specials start at 5 PM; end time not listed,Dine-in only,"Quesadilla Wednesday's: 1/2 Off De La Casa Quesadilla, Includes Chicken, Cheese or Veggie. Food Specials start at 5:00pm ... All Specials are Dine In only.",browser_screenshot_or_web_archive_needed; food-safe copy / alcohol suppression required,"Attach durable browser/PDF/image screenshot or archive, then run food-copy/scope/freshness review for exact intake rows.",yes_after_visual_capture_and_review
30,Batch 02,Might As Well Bar & Grill - Wilmington,Thursday $5.99 cheeseburgers,Burgers,,No,https://wilmington.mightaswellbarandgrill.com/wilmington-might-as-well-bar-and-grill-wilmington-happy-hours-specials,sg-might-as-well-bar-and-grill-wilmington-wilmington-mightaswellbarandgrill-com,source_text_archived_capture_card_created_remaining_review_tasks,confirmed_current_html_date_specific_alcohol_adjacent,source_capture_p1_sprint_2026-07-06/text_captures/sg-might-as-well-bar-and-grill-wilmington-wilmington-mightaswellbarandgrill-com-might-as-w.md,sha256:b9fd015d515ff8ce56222f0b99c74ea28b4e7962a2b91301e9ae1d5aa00d475c,source_capture_p1_sprint_2026-07-06/capture_cards/sg-might-as-well-bar-and-grill-wilmington-wilmington-mightaswellbarandgrill-com-might-as-w.png,browser_screenshot_or_web_archive_needed,food_safe_copy_alcohol_suppression_required,scope_ok,recurrence_review_needed_date_labeled_specials,$5.99,Thursday July 9,12:00 PM–2:00 AM,Not explicitly scoped; restaurant/location page supports order/reserve links,Thursday July 9th — Thursday Game Night! $5.99 cheese burgers &$3.50 domestic beers all day — 12:00 PM - 02:00 AM.,browser_screenshot_or_web_archive_needed; food-safe copy / alcohol suppression required; recurrence_review_needed_date_labeled_specials,"Attach durable browser/PDF/image screenshot or archive, then run food-copy/scope/freshness review for exact intake rows.",conditional_after_review
31,Batch 02,Might As Well Bar & Grill - Wilmington,Tuesday $1 cheese quesadilla,Mexican / Tacos,,No,https://wilmington.mightaswellbarandgrill.com/wilmington-might-as-well-bar-and-grill-wilmington-happy-hours-specials,sg-might-as-well-bar-and-grill-wilmington-wilmington-mightaswellbarandgrill-com,source_text_archived_capture_card_created_remaining_review_tasks,confirmed_current_html_date_specific_alcohol_adjacent,source_capture_p1_sprint_2026-07-06/text_captures/sg-might-as-well-bar-and-grill-wilmington-wilmington-mightaswellbarandgrill-com-might-as-w.md,sha256:b9fd015d515ff8ce56222f0b99c74ea28b4e7962a2b91301e9ae1d5aa00d475c,source_capture_p1_sprint_2026-07-06/capture_cards/sg-might-as-well-bar-and-grill-wilmington-wilmington-mightaswellbarandgrill-com-might-as-w.png,browser_screenshot_or_web_archive_needed,food_safe_copy_alcohol_suppression_required,scope_ok,recurrence_review_needed_date_labeled_specials,$1,Tuesday July 7,12:00 PM–2:00 AM,Not explicitly scoped; restaurant/location page supports order/reserve links,"Tuesday July 7th — Tex-Mex Tuesday! $3 margaritas, $1 cheese quesadilla — 12:00 PM - 02:00 AM.",browser_screenshot_or_web_archive_needed; food-safe copy / alcohol suppression required; recurrence_review_needed_date_labeled_specials,"Attach durable browser/PDF/image screenshot or archive, then run food-copy/scope/freshness review for exact intake rows.",conditional_after_review
40,Batch 03,San Felipe Mexican Restaurant,L-Burro Roqueta lunch,Lunch Special,,No,https://www.sanfelipenc.com/s/25yrs-Feature-Menu-Web.pdf,sg-san-felipe-mexican-restaurant-www-sanfelipenc-com,source_text_archived_capture_card_created_remaining_review_tasks,confirmed_pdf_text_boundary_scope,source_capture_p1_sprint_2026-07-06/text_captures/sg-san-felipe-mexican-restaurant-www-sanfelipenc-com-san-felipe-mexican-restaurant.md,sha256:4c969950691cb5c5f98bbfbdd0bc5609202547fe7a8e87c60fdf4f875d29d2b0,source_capture_p1_sprint_2026-07-06/capture_cards/sg-san-felipe-mexican-restaurant-www-sanfelipenc-com-san-felipe-mexican-restaurant.png,manual_pdf_page_2_render_or_archive_needed,food_copy_review,boundary_scope_review_needed_leland_southport,recurrence_ok,,,,,L-BURRO ROQUETA ... served with your choice of rice or refried beans. 10.99; AVAILABLE 11AM - 3PM.,manual_pdf_page_2_render_or_archive_needed; boundary_scope_review_needed_leland_southport,"Attach durable browser/PDF/image screenshot or archive, then run food-copy/scope/freshness review for exact intake rows.",conditional_after_review
41,Batch 03,San Felipe Mexican Restaurant,Special Quesadilla lunch,Lunch Special,,No,https://www.sanfelipenc.com/s/25yrs-Feature-Menu-Web.pdf,sg-san-felipe-mexican-restaurant-www-sanfelipenc-com,source_text_archived_capture_card_created_remaining_review_tasks,confirmed_pdf_text_boundary_scope,source_capture_p1_sprint_2026-07-06/text_captures/sg-san-felipe-mexican-restaurant-www-sanfelipenc-com-san-felipe-mexican-restaurant.md,sha256:4c969950691cb5c5f98bbfbdd0bc5609202547fe7a8e87c60fdf4f875d29d2b0,source_capture_p1_sprint_2026-07-06/capture_cards/sg-san-felipe-mexican-restaurant-www-sanfelipenc-com-san-felipe-mexican-restaurant.png,manual_pdf_page_2_render_or_archive_needed,food_copy_review,boundary_scope_review_needed_leland_southport,recurrence_ok,,,,,SPECIAL QUESADILLA ... served with crema salad. 8.99; AVAILABLE 11AM - 3PM.,manual_pdf_page_2_render_or_archive_needed; boundary_scope_review_needed_leland_southport,"Attach durable browser/PDF/image screenshot or archive, then run food-copy/scope/freshness review for exact intake rows.",conditional_after_review
42,Batch 03,San Felipe Mexican Restaurant,Speedy Gonzalez lunch,Lunch Special,,No,https://www.sanfelipenc.com/s/25yrs-Feature-Menu-Web.pdf,sg-san-felipe-mexican-restaurant-www-sanfelipenc-com,source_text_archived_capture_card_created_remaining_review_tasks,confirmed_pdf_text_boundary_scope,source_capture_p1_sprint_2026-07-06/text_captures/sg-san-felipe-mexican-restaurant-www-sanfelipenc-com-san-felipe-mexican-restaurant.md,sha256:4c969950691cb5c5f98bbfbdd0bc5609202547fe7a8e87c60fdf4f875d29d2b0,source_capture_p1_sprint_2026-07-06/capture_cards/sg-san-felipe-mexican-restaurant-www-sanfelipenc-com-san-felipe-mexican-restaurant.png,manual_pdf_page_2_render_or_archive_needed,food_copy_review,boundary_scope_review_needed_leland_southport,recurrence_ok,,,,,"SPEEDY GONZALEZ: One taco, one enchilada and your choice of rice or refried beans. 8.99; AVAILABLE 11AM - 3PM.",manual_pdf_page_2_render_or_archive_needed; boundary_scope_review_needed_leland_southport,"Attach durable browser/PDF/image screenshot or archive, then run food-copy/scope/freshness review for exact intake rows.",conditional_after_review
66,Batch 04,Tequila's Waterfront,"Friday Half Off Fajitas, 4 PM-close; excluding Trio Fajitas.",Lunch Special,Lunch / Dinner,No,https://tequilaswaterfront.com/menus/,sg-tequila-s-waterfront-tequilaswaterfront-com,source_text_archived_capture_card_created_remaining_review_tasks,weekly_deals_image_present_exact_terms_from_prior_image_capture,source_capture_p1_sprint_2026-07-06/text_captures/sg-tequila-s-waterfront-tequilaswaterfront-com-tequila-s-waterfront.md,sha256:18aaa10b1fb959b9e6b05b789297552c04185a74089ec9b9f443a046dae790ba,source_capture_p1_sprint_2026-07-06/capture_cards/sg-tequila-s-waterfront-tequilaswaterfront-com-tequila-s-waterfront.png,durable_image_screenshot_or_archive_needed,food_safe_copy_alcohol_suppression_required,scope_ok,recurrence_ok,,,,,"Friday: Half Off Fajitas, available 4 PM–close; enjoy half off all fajitas; excluding Trio Fajitas.",durable_image_screenshot_or_archive_needed; food-safe copy / alcohol suppression required,"Attach durable browser/PDF/image screenshot or archive, then run food-copy/scope/freshness review for exact intake rows.",yes_after_visual_capture_and_review
67,Batch 04,Tequila's Waterfront,"Tue-Fri $10 Lunch Menu, 11 AM-3 PM.",Lunch Special,Lunch,No,https://tequilaswaterfront.com/menus/,sg-tequila-s-waterfront-tequilaswaterfront-com,source_text_archived_capture_card_created_remaining_review_tasks,weekly_deals_image_present_exact_terms_from_prior_image_capture,source_capture_p1_sprint_2026-07-06/text_captures/sg-tequila-s-waterfront-tequilaswaterfront-com-tequila-s-waterfront.md,sha256:18aaa10b1fb959b9e6b05b789297552c04185a74089ec9b9f443a046dae790ba,source_capture_p1_sprint_2026-07-06/capture_cards/sg-tequila-s-waterfront-tequilaswaterfront-com-tequila-s-waterfront.png,durable_image_screenshot_or_archive_needed,food_safe_copy_alcohol_suppression_required,scope_ok,recurrence_ok,,,,,Weekly Deals image: Tue-Fri $10 Lunch Menu 11 AM–3 PM. Lunch Menu image: Available Tuesday-Friday 11 AM–3 PM with listed $10 dishes.,durable_image_screenshot_or_archive_needed; food-safe copy / alcohol suppression required,"Attach durable browser/PDF/image screenshot or archive, then run food-copy/scope/freshness review for exact intake rows.",yes_after_visual_capture_and_review
68,Batch 04,Tequila's Waterfront,"Tuesday $2 Street Tacos, 4 PM-close; any select street tacos for $2.",Lunch Special,Lunch / Dinner,No,https://tequilaswaterfront.com/menus/,sg-tequila-s-waterfront-tequilaswaterfront-com,source_text_archived_capture_card_created_remaining_review_tasks,weekly_deals_image_present_exact_terms_from_prior_image_capture,source_capture_p1_sprint_2026-07-06/text_captures/sg-tequila-s-waterfront-tequilaswaterfront-com-tequila-s-waterfront.md,sha256:18aaa10b1fb959b9e6b05b789297552c04185a74089ec9b9f443a046dae790ba,source_capture_p1_sprint_2026-07-06/capture_cards/sg-tequila-s-waterfront-tequilaswaterfront-com-tequila-s-waterfront.png,durable_image_screenshot_or_archive_needed,food_safe_copy_alcohol_suppression_required,scope_ok,recurrence_ok,,,,,"Tuesday: $2 Street Tacos, available 4 PM–close; enjoy any select street tacos for only $2; mix & match.",durable_image_screenshot_or_archive_needed; food-safe copy / alcohol suppression required,"Attach durable browser/PDF/image screenshot or archive, then run food-copy/scope/freshness review for exact intake rows.",yes_after_visual_capture_and_review
69,Batch 04,Tequila's Waterfront,"Wednesday Half Off Wings, 4 PM-close.",Lunch Special,Lunch / Dinner,No,https://tequilaswaterfront.com/menus/,sg-tequila-s-waterfront-tequilaswaterfront-com,source_text_archived_capture_card_created_remaining_review_tasks,weekly_deals_image_present_exact_terms_from_prior_image_capture,source_capture_p1_sprint_2026-07-06/text_captures/sg-tequila-s-waterfront-tequilaswaterfront-com-tequila-s-waterfront.md,sha256:18aaa10b1fb959b9e6b05b789297552c04185a74089ec9b9f443a046dae790ba,source_capture_p1_sprint_2026-07-06/capture_cards/sg-tequila-s-waterfront-tequilaswaterfront-com-tequila-s-waterfront.png,durable_image_screenshot_or_archive_needed,food_safe_copy_alcohol_suppression_required,scope_ok,recurrence_ok,,,,,"Wednesday: Half Off Wings, available 4 PM–close; enjoy half off all wings.",durable_image_screenshot_or_archive_needed; food-safe copy / alcohol suppression required,"Attach durable browser/PDF/image screenshot or archive, then run food-copy/scope/freshness review for exact intake rows.",yes_after_visual_capture_and_review
77,Batch 05,Blue Surf Cafe,2 for $20 sandwiches,Sandwiches / Hotdogs,Dinner,No,https://bluesurfrestaurants.com/menu/,sg-blue-surf-cafe-bluesurfrestaurants-com,source_text_archived_capture_card_created_remaining_review_tasks,confirmed_current_html_text_alcohol_adjacent,source_capture_p1_sprint_2026-07-06/text_captures/sg-blue-surf-cafe-bluesurfrestaurants-com-blue-surf-cafe.md,sha256:3e60ee1224b61f96c13308b662592716c8faa200668b70bb310fd3a2dc9f2b8b,source_capture_p1_sprint_2026-07-06/capture_cards/sg-blue-surf-cafe-bluesurfrestaurants-com-blue-surf-cafe.png,browser_screenshot_or_web_archive_needed,food_safe_copy_alcohol_suppression_required,scope_ok,recurrence_ok,,,,,2 for $20 Tuesday Sandwiches + $2.50 Imports!,browser_screenshot_or_web_archive_needed; food-safe copy / alcohol suppression required,"Attach durable browser/PDF/image screenshot or archive, then run food-copy/scope/freshness review for exact intake rows.",yes_after_visual_capture_and_review
78,Batch 05,Blue Surf Cafe,$2 off entrees,Other Food Special,Dinner,No,https://bluesurfrestaurants.com/menu/,sg-blue-surf-cafe-bluesurfrestaurants-com,source_text_archived_capture_card_created_remaining_review_tasks,confirmed_current_html_text_alcohol_adjacent,source_capture_p1_sprint_2026-07-06/text_captures/sg-blue-surf-cafe-bluesurfrestaurants-com-blue-surf-cafe.md,sha256:3e60ee1224b61f96c13308b662592716c8faa200668b70bb310fd3a2dc9f2b8b,source_capture_p1_sprint_2026-07-06/capture_cards/sg-blue-surf-cafe-bluesurfrestaurants-com-blue-surf-cafe.png,browser_screenshot_or_web_archive_needed,food_safe_copy_alcohol_suppression_required,scope_ok,recurrence_ok,,,,,$2 Fridays – $2 Domestics ALL DAY & $2 OFF Entrees 4-9PM!,browser_screenshot_or_web_archive_needed; food-safe copy / alcohol suppression required,"Attach durable browser/PDF/image screenshot or archive, then run food-copy/scope/freshness review for exact intake rows.",yes_after_visual_capture_and_review
79,Batch 05,Blue Surf Cafe,$2 off flatbreads,Other Food Special,Dinner,No,https://bluesurfrestaurants.com/menu/,sg-blue-surf-cafe-bluesurfrestaurants-com,source_text_archived_capture_card_created_remaining_review_tasks,confirmed_current_html_text_alcohol_adjacent,source_capture_p1_sprint_2026-07-06/text_captures/sg-blue-surf-cafe-bluesurfrestaurants-com-blue-surf-cafe.md,sha256:3e60ee1224b61f96c13308b662592716c8faa200668b70bb310fd3a2dc9f2b8b,source_capture_p1_sprint_2026-07-06/capture_cards/sg-blue-surf-cafe-bluesurfrestaurants-com-blue-surf-cafe.png,browser_screenshot_or_web_archive_needed,food_safe_copy_alcohol_suppression_required,scope_ok,recurrence_ok,,,,,Thursday Pizza & Beer Night – $2 OFF Flatbreads 4-9PM + $5 Drafts ALL DAY!,browser_screenshot_or_web_archive_needed; food-safe copy / alcohol suppression required,"Attach durable browser/PDF/image screenshot or archive, then run food-copy/scope/freshness review for exact intake rows.",yes_after_visual_capture_and_review
80,Batch 05,Blue Surf Cafe,$5 kids menu items,Family / Kids,Dinner,No,https://bluesurfrestaurants.com/menu/,sg-blue-surf-cafe-bluesurfrestaurants-com,source_text_archived_capture_card_created_remaining_review_tasks,confirmed_current_html_text_alcohol_adjacent,source_capture_p1_sprint_2026-07-06/text_captures/sg-blue-surf-cafe-bluesurfrestaurants-com-blue-surf-cafe.md,sha256:3e60ee1224b61f96c13308b662592716c8faa200668b70bb310fd3a2dc9f2b8b,source_capture_p1_sprint_2026-07-06/capture_cards/sg-blue-surf-cafe-bluesurfrestaurants-com-blue-surf-cafe.png,browser_screenshot_or_web_archive_needed,food_safe_copy_alcohol_suppression_required,scope_ok,recurrence_ok,,,,,Wednesday Mom & Kids Night – $3 House Wines + $5 Kids Menu Items!,browser_screenshot_or_web_archive_needed; food-safe copy / alcohol suppression required,"Attach durable browser/PDF/image screenshot or archive, then run food-copy/scope/freshness review for exact intake rows.",yes_after_visual_capture_and_review
82,Batch 05,Cape Fear Seafood Company - Monkey Junction,12 lunch specials under $15,Lunch Special,Lunch,No,https://capefearseafoodcompany.com/locations/monkey-junction/,sg-cape-fear-seafood-company-monkey-junction-capefearseafoodcompany-com,source_text_archived_capture_card_created_remaining_review_tasks,confirmed_current_html_text,source_capture_p1_sprint_2026-07-06/text_captures/sg-cape-fear-seafood-company-monkey-junction-capefearseafoodcompany-com-cape-fear-seafood-.md,sha256:a0e061a03eeb1a19e7fe241ae55d988779a679a6b89eba7ee0f439ea09d389d8,source_capture_p1_sprint_2026-07-06/capture_cards/sg-cape-fear-seafood-company-monkey-junction-capefearseafoodcompany-com-cape-fear-seafood-.png,browser_screenshot_or_web_archive_needed,food_copy_review,scope_ok,recurrence_ok,,,,,"12 Lunch Specials under $15, available daily until 4 PM.",browser_screenshot_or_web_archive_needed,"Attach durable browser/PDF/image screenshot or archive, then run food-copy/scope/freshness review for exact intake rows.",yes_after_visual_capture_and_review
84,Batch 05,Caprice Bistro,Coq au Vin Tuesday,Other Food Special,Dinner,No,https://www.capricebistro.com/weekly-specials,sg-caprice-bistro-www-capricebistro-com,source_text_archived_capture_card_created_remaining_review_tasks,confirmed_current_html_text_alcohol_adjacent,source_capture_p1_sprint_2026-07-06/text_captures/sg-caprice-bistro-www-capricebistro-com-caprice-bistro.md,sha256:4d8de68d5b2e6848cdd9ae420cb6c7357f84ac1a50fd319ccb25b9c0b6c50c04,source_capture_p1_sprint_2026-07-06/capture_cards/sg-caprice-bistro-www-capricebistro-com-caprice-bistro.png,browser_screenshot_or_web_archive_needed,food_safe_copy_alcohol_suppression_required,scope_ok,recurrence_ok,,,,,Every Tuesday; Savor our Coq au Vin: braised chicken thigh in rich Burgundy wine sauce only on Tuesday nights.,browser_screenshot_or_web_archive_needed; food-safe copy / alcohol suppression required,"Attach durable browser/PDF/image screenshot or archive, then run food-copy/scope/freshness review for exact intake rows.",yes_after_visual_capture_and_review
85,Batch 05,Caprice Bistro,Daily Petit Plates,Happy Hour Food,Happy Hour,Yes,https://www.capricebistro.com/weekly-specials,sg-caprice-bistro-www-capricebistro-com,source_text_archived_capture_card_created_remaining_review_tasks,confirmed_current_html_text_alcohol_adjacent,source_capture_p1_sprint_2026-07-06/text_captures/sg-caprice-bistro-www-capricebistro-com-caprice-bistro.md,sha256:4d8de68d5b2e6848cdd9ae420cb6c7357f84ac1a50fd319ccb25b9c0b6c50c04,source_capture_p1_sprint_2026-07-06/capture_cards/sg-caprice-bistro-www-capricebistro-com-caprice-bistro.png,browser_screenshot_or_web_archive_needed,food_safe_copy_alcohol_suppression_required,scope_ok,recurrence_ok,,,,,"Every Monday, Tuesday, Wednesday, Thursday, Friday, Saturday and Sunday, 4:00 PM to 6:00 PM; Petit Plates Menu at the bar, bistro tables, sofa lounge or outdoor tables; $7 Caprice Monsieur, Crepe Caprice, Mussels, Calamari, Saucisse, Petit Friture.",browser_screenshot_or_web_archive_needed; food-safe copy / alcohol suppression required,"Attach durable browser/PDF/image screenshot or archive, then run food-copy/scope/freshness review for exact intake rows.",yes_after_visual_capture_and_review
86,Batch 05,Caprice Bistro,Date Night à Deux Wednesdays fromage & charcuterie,Date Night / Prix Fixe,Dinner,No,https://www.capricebistro.com/weekly-specials,sg-caprice-bistro-www-capricebistro-com,source_text_archived_capture_card_created_remaining_review_tasks,confirmed_current_html_text_alcohol_adjacent,source_capture_p1_sprint_2026-07-06/text_captures/sg-caprice-bistro-www-capricebistro-com-caprice-bistro.md,sha256:4d8de68d5b2e6848cdd9ae420cb6c7357f84ac1a50fd319ccb25b9c0b6c50c04,source_capture_p1_sprint_2026-07-06/capture_cards/sg-caprice-bistro-www-capricebistro-com-caprice-bistro.png,browser_screenshot_or_web_archive_needed,food_safe_copy_alcohol_suppression_required,scope_ok,recurrence_ok,,,,,"Every Wednesday; Shared portion of fromage & charcuterie board for just $15; Plus, enjoy $8 house wines every Wednesday!",browser_screenshot_or_web_archive_needed; food-safe copy / alcohol suppression required,"Attach durable browser/PDF/image screenshot or archive, then run food-copy/scope/freshness review for exact intake rows.",yes_after_visual_capture_and_review
87,Batch 05,Caprice Bistro,Mussel Mondays,Other Food Special,Dinner,No,https://www.capricebistro.com/weekly-specials,sg-caprice-bistro-www-capricebistro-com,source_text_archived_capture_card_created_remaining_review_tasks,confirmed_current_html_text_alcohol_adjacent,source_capture_p1_sprint_2026-07-06/text_captures/sg-caprice-bistro-www-capricebistro-com-caprice-bistro.md,sha256:4d8de68d5b2e6848cdd9ae420cb6c7357f84ac1a50fd319ccb25b9c0b6c50c04,source_capture_p1_sprint_2026-07-06/capture_cards/sg-caprice-bistro-www-capricebistro-com-caprice-bistro.png,browser_screenshot_or_web_archive_needed,food_safe_copy_alcohol_suppression_required,scope_ok,recurrence_ok,,,,,"Every Monday; Mussels & Frites for only $15; personal portion of classic steamed mussels with frites in choice of Mariniere, Provençal, or Curry Broth.",browser_screenshot_or_web_archive_needed; food-safe copy / alcohol suppression required,"Attach durable browser/PDF/image screenshot or archive, then run food-copy/scope/freshness review for exact intake rows.",yes_after_visual_capture_and_review
90,Batch 05,Circa 1922,Happy Hour Bites menu signal,Happy Hour Food,Happy Hour,Yes,https://www.circa1922.com/,sg-circa-1922-www-circa1922-com,source_text_archived_capture_card_created_remaining_review_tasks,confirmed_homepage_parent_signal,source_capture_p1_sprint_2026-07-06/text_captures/sg-circa-1922-www-circa1922-com-circa-1922.md,sha256:22179d3bdac4de976b4d97bf1881ed1e702da3cda83782bbb7b72787bf5be475,source_capture_p1_sprint_2026-07-06/capture_cards/sg-circa-1922-www-circa1922-com-circa-1922.png,browser_screenshot_or_web_archive_needed,food_copy_review,scope_ok,recurrence_ok,,,,,"Homepage menus include Happy Hour Bites; image alt text says Happy Hour bar menu available daily from 5 to 7pm; location is 8 North Front Street, Wilmington.",browser_screenshot_or_web_archive_needed,"Attach durable browser/PDF/image screenshot or archive, then run food-copy/scope/freshness review for exact intake rows.",yes_after_visual_capture_and_review
